Num_Acc;an;mois;jour;hrmn;lum;agg;int;atm;col;com;adr;gps;lat;long;dep
201000009991;10;3;29;1200;1;1;1;1.0;3.0;519;SPV;M;4866900.0;782100.0;670
201000009993;10;4;29;1430;1;2;1;1.0;3.0;151;PV, GIRATOIRE RD94/RD468;M;4869900.0;788700.0;670
201000009999;10;11;18;1330;1;2;1;1.0;1.0;519;SPV, Rue des Héros;M;0.0;0.0;670
201000010005;10;4;30;905;1;2;1;1.0;1.0;1;PV, RUE DU CANAL;M;0.0;0.0;670
201000010010;10;10;7;545;5;2;1;1.0;3.0;118;SPV, Rue du canal;M;0.0;0.0;670
201000010011;10;5;21;1605;1;2;1;1.0;1.0;94;PV, 6A RUE PRINCIPALE;M;4831400.0;742100.0;670
201000010012;10;7;24;1210;1;2;1;1.0;1.0;445;PV, 8 RUE DU GIESSEN;M;4828900.0;742500.0;670
201000010024;10;7;2;1015;1;2;1;1.0;3.0;311;PV,INT.R.L.ADAM/ECUREUIL;M;4827400.0;753800.0;670
201000010026;10;8;19;1145;1;2;1;7.0;2.0;547;PV,42 RUE DE BINDERNHEIM;M;4826540.0;759550.0;670
201000010037;10;3;15;1645;1;2;1;1.0;6.0;544;PV, 21 RUE DES 4 VENTS;M;4904100.0;795800.0;670
201000010054;10;7;8;2130;2;2;1;1.0;1.0;184;PV,CAR.R.SOUVENIR/19MARS;M;4890600.0;798100.0;670
201000010062;10;11;17;800;1;2;1;1.0;1.0;474;SPV, Rue Docteur Deutsch;M;4894600.0;786100.0;670
201000010093;10;9;4;1515;1;1;1;1.0;6.0;204;;M;4801750.0;707627.0;680
201000010099;10;10;7;700;2;2;1;1.0;3.0;143;rue du général de gaule;M;4811045.0;742416.0;680
201000010100;10;11;6;830;1;2;1;1.0;3.0;8;route de neuf brisach;M;4802944.0;744307.0;680
201000010104;10;4;29;730;1;1;6;1.0;3.0;310;;M;4813253.0;731791.0;680
201000010106;10;7;14;1615;1;1;1;1.0;1.0;283;;M;4829212.0;725878.0;680
201000010111;10;8;27;1945;2;2;3;2.0;3.0;298;RUE BOURGEOIS/RUE ST LOU;M;4824083.0;717917.0;680
201000010115;10;3;24;1430;1;1;1;1.0;3.0;155;;M;4810103.0;731319.0;680
201000010118;10;6;29;800;1;2;6;1.0;3.0;374;;M;4808538.0;731989.0;680
201000010120;10;7;21;1915;1;1;3;1.0;3.0;338;;M;4808579.0;727045.0;680
201000010124;10;10;5;1130;1;1;1;1.0;3.0;374;;M;4807189.0;726561.0;680
201000010178;10;7;11;930;1;2;1;1.0;1.0;287;;M;4796198.0;729311.0;680
201000010186;10;7;15;1700;1;2;3;1.0;3.0;154;;M;4778152.0;734783.0;680
201000010216;10;3;13;1500;1;2;6;1.0;3.0;348;Place du 28 janvier 2010;M;4780119.0;711687.0;680
201000010218;10;5;4;1615;1;2;3;8.0;1.0;334;rues des jardins/steinby;M;4780679.0;710082.0;680
201000010223;10;9;22;1615;1;2;1;1.0;2.0;348;PIENOZ KACHLER;M;4780323.0;711858.0;680
201000010227;10;8;5;1500;1;2;1;1.0;2.0;63;;M;4780922.0;718027.0;680
201000010242;10;4;2;1445;1;1;1;1.0;5.0;314;;M;4772500.0;707700.0;680
201000010258;10;8;3;1515;1;2;2;1.0;3.0;482;d60;M;0.0;0.0;510
201000010268;10;3;21;1145;1;2;2;8.0;3.0;251;rue de st Thibault;M;0.0;0.0;510
201000010269;10;5;23;1115;1;2;3;1.0;3.0;630;d36/d38;M;0.0;0.0;510
201000010322;10;9;15;1745;1;2;1;1.0;1.0;250;15 rue des bleuets;M;0.0;0.0;510
201000010328;10;4;9;1030;1;1;2;1.0;3.0;569;;M;0.0;0.0;510
201000010336;10;10;3;1015;1;1;1;7.0;2.0;391;d26;M;0.0;0.0;510
201000010340;10;4;22;1545;1;1;1;1.0;6.0;28;D9;M;0.0;0.0;510
201000010348;10;10;3;1800;1;2;2;1.0;3.0;52;rue des acacias/4 noyers;M;0.0;0.0;510
201000010354;10;5;14;645;2;1;1;1.0;6.0;65;voie communale;M;0.0;0.0;510
201000010389;10;4;19;815;1;2;1;1.0;6.0;96;CD 764;A;0.0;0.0;80
201000010393;10;9;11;1000;1;1;2;1.0;3.0;263;;A;0.0;0.0;80
201000010407;10;5;9;1130;1;1;3;1.0;3.0;58;;A;0.0;0.0;80
201000010461;10;9;22;800;1;1;1;1.0;1.0;48;;A;0.0;0.0;80
201000010515;10;8;3;1600;1;1;1;1.0;5.0;238;;M;4824260.0;435310.0;100
201000010554;10;11;10;1645;1;2;2;2.0;4.0;323;avenue du 08 mai;M;4850731.0;372386.0;100
201000010681;10;6;20;1500;1;1;1;8.0;3.0;657;;M;4734710.0;512174.0;210
201000010695;10;7;27;1430;1;1;1;1.0;1.0;106;;M;4725600.0;510300.0;210
201000010710;10;6;5;2230;5;2;1;1.0;2.0;316;CD 25D FACE CIMETIÈRE;M;4732990.0;544906.0;210
201000010744;10;7;19;1545;1;2;1;1.0;6.0;712;RUE DU MONT;M;4700510.0;477582.0;210
201000010761;10;7;25;1800;1;1;1;1.0;1.0;210;;M;4723580.0;457648.0;210
201000010829;10;10;1;1745;1;2;1;1.0;3.0;95;47 AVENUE VICTOR HUGO;M;0.0;0.0;580
201000010832;10;8;2;1315;1;1;1;1.0;2.0;121;;M;0.0;0.0;580
201000010846;10;9;11;1600;1;1;1;1.0;3.0;260;;M;0.0;0.0;580
201000010868;10;5;26;1545;1;1;1;1.0;2.0;16;;M;0.0;0.0;580
201000010876;10;9;1;1400;1;1;1;1.0;1.0;108;;M;4735400.0;383800.0;580
201000010938;10;8;30;945;1;2;1;1.0;1.0;192;Rue Gabriel Bouthière;M;4687000.0;419100.0;710
201000010940;10;8;31;1600;1;1;3;1.0;3.0;63;;M;4688700.0;430700.0;710
201000010946;10;5;10;1700;1;1;2;1.0;3.0;392;;M;0.0;0.0;710
201000010950;10;9;6;1515;1;2;1;8.0;1.0;102;36 rue des Charmilles;M;0.0;0.0;710
201000010951;10;9;20;1715;1;2;1;1.0;1.0;302;Sous les Roches;M;0.0;0.0;710
201000010971;10;6;7;1915;1;2;1;1.0;1.0;555;;M;0.0;0.0;710
201000011002;10;10;2;1100;1;1;1;1.0;3.0;399;;M;0.0;0.0;710
201000011076;10;3;17;1345;1;2;3;1.0;1.0;438;Rue Principale, Egrisell;M;0.0;0.0;890
201000011078;10;4;10;1745;1;2;1;1.0;6.0;13;Rue des ecoles;M;0.0;0.0;890
201000011088;10;10;21;1545;1;1;6;1.0;3.0;453;;M;0.0;0.0;890
201000011097;10;7;8;1700;1;2;1;1.0;1.0;479;17 route d'irancy;M;0.0;0.0;890
201000011115;10;10;6;1945;3;1;1;1.0;3.0;26;;M;0.0;0.0;890
201000011127;10;3;10;530;3;1;1;1.0;2.0;263;;M;4785200.0;354900.0;890
201000011131;10;4;17;1430;1;1;1;1.0;1.0;282;;M;4796300.0;357700.0;890
201000011153;10;8;7;2100;2;1;1;1.0;1.0;173;;M;4768900.0;325100.0;890
201000011173;10;5;14;1200;1;2;1;8.0;3.0;206;rue Corneille;M;4798700.0;341300.0;890
201000011183;10;5;8;900;1;1;1;1.0;1.0;384;;M;0.0;0.0;890
201000011252;10;3;23;1830;1;1;1;7.0;2.0;418;;M;4724800.0;615800.0;250
201000011265;10;2;22;1330;1;2;1;1.0;1.0;287;rue de l'église;M;0.0;0.0;250
201000011274;10;7;6;1215;1;2;1;1.0;1.0;164;rue de l'étang;M;4722100.0;582200.0;250
201000011301;10;6;9;1130;1;2;9;1.0;3.0;367;43 RUE DE BEAULIEU;M;4744900.0;681700.0;250
201000011323;10;4;7;1445;1;2;1;1.0;3.0;370;325 AV Général de Gaulle;M;4743500.0;678400.0;250
201000011328;10;10;26;1730;1;2;1;1.0;3.0;615;;M;4737600.0;687300.0;250
201000011334;10;5;10;1745;1;1;1;1.0;1.0;520;;M;0.0;0.0;250
201000011335;10;6;24;1615;1;2;1;1.0;3.0;94;;M;0.0;0.0;250
201000011350;10;12;30;1915;3;1;1;9.0;7.0;495;;M;0.0;0.0;250
201000011371;10;5;23;1130;1;1;3;1.0;3.0;442;;M;0.0;0.0;250
201000011409;10;9;15;1820;2;2;1;1.0;6.0;70;HUIT MAI 1945 (AV. DU);;;;40
201000011469;10;10;24;1000;1;1;1;1.0;1.0;462;;M;4712700.0;555200.0;390
201000011526;10;6;27;1100;1;1;1;1.0;2.0;516;;M;0.0;0.0;700
201000011530;10;11;13;1445;1;2;1;1.0;3.0;219;Grande rue CD 9;M;0.0;0.0;700
201000011540;10;3;23;1600;1;1;1;1.0;2.0;421;;M;0.0;0.0;700
201000011556;10;11;17;1045;1;2;1;1.0;2.0;447;rue Jules Jeanneney;M;0.0;0.0;700
201000011571;10;10;31;1345;1;1;1;2.0;1.0;455;;M;0.0;0.0;700
201000011578;10;6;12;1300;1;1;1;1.0;1.0;414;;M;0.0;0.0;700
201000011589;10;6;25;730;1;1;1;1.0;3.0;497;;M;0.0;0.0;700
201000011599;10;7;25;1645;1;1;1;1.0;1.0;176;;M;0.0;0.0;700
201000011600;10;8;4;1630;1;1;1;1.0;1.0;470;;M;0.0;0.0;700
201000011622;10;7;14;1015;1;1;1;1.0;1.0;255;;M;0.0;0.0;700
201000011630;10;10;30;1615;1;1;1;2.0;1.0;514;;M;0.0;0.0;700
201000011646;10;8;4;1600;1;2;1;1.0;1.0;81;rue des fresnes;M;0.0;0.0;900
201000011733;10;7;13;1045;1;2;1;1.0;1.0;74;AVENUE CHARLES DE GAULLE;M;4364640.0;558388.0;130
201000011746;10;9;14;1900;1;2;1;1.0;3.0;106;RUE VICTOR HUGO;M;0.0;0.0;130
201000011749;10;12;11;1130;1;2;1;1.0;1.0;106;155 AVENUE DU 08 MAI 194;M;4340300.0;536600.0;130
201000011771;10;12;26;1600;1;2;6;1.0;3.0;15;ROND POINT DES CAYOLS;M;4343500.0;541099.0;130
201000011803;10;8;17;600;5;2;1;1.0;3.0;27;AVENUE JACQUES TROUILLET;M;0.0;0.0;130
201000011808;10;11;9;1615;1;1;2;1.0;3.0;66;;M;4384340.0;489498.0;130
201000011814;10;4;24;1030;1;1;1;1.0;4.0;97;;M;4362970.0;491912.0;130
201000011825;10;10;13;1930;5;2;1;1.0;1.0;97;RUE DU FOIRAIL;M;0.0;0.0;130
201000011854;10;5;20;1900;1;1;1;1.0;3.0;23;;M;4323200.0;566040.0;130
201000011864;10;2;20;900;1;2;1;1.0;5.0;119;RUE RENÉ CASSIN;M;4325970.0;557149.0;130
201000011872;10;5;22;1930;1;1;1;1.0;3.0;86;;M;4333560.0;560118.0;130
201000011882;10;1;31;1845;5;2;1;1.0;1.0;14;;;;;130
201000011901;10;11;9;1715;1;1;1;1.0;6.0;92;;M;4353770.0;512033.0;130
201000011947;10;9;11;1545;1;1;1;1.0;2.0;82;;M;4371210.0;534830.0;130
201000011962;10;4;10;1400;1;1;1;1.0;5.0;143;;M;4389000.0;591000.0;40
201000011980;10;8;21;1315;1;1;1;1.0;3.0;237;;M;0.0;0.0;40
201000012019;10;6;25;1000;1;2;1;1.0;3.0;197;RD 4096 STE TULLE 04220;M;0.0;0.0;40
201000012035;10;7;12;1430;1;2;1;1.0;6.0;222;Prè Domenge;M;4440300.0;617100.0;40
201000012056;10;7;30;1015;1;1;3;1.0;3.0;139;inter Le Collet;M;0.0;0.0;50
201000012077;10;4;13;2300;3;1;1;1.0;5.0;65;proche rondpointMartinet;M;0.0;0.0;50
201000012145;10;3;28;1100;1;2;1;1.0;3.0;161;D.6007;M;0.0;0.0;60
201000012146;10;4;4;1600;1;2;1;2.0;1.0;44;1716 Bld pierre sauvaigo;M;4368700.0;711700.0;60
201000012156;10;6;23;1200;1;2;1;1.0;3.0;161;RD6098 villeneuve loubet;M;0.0;0.0;60
201000012168;10;8;11;1045;1;1;9;1.0;3.0;161;;M;4366200.0;711700.0;60
201000012174;10;10;12;930;1;2;1;1.0;5.0;161;RD 6007;M;4363300.0;711700.0;60
201000012210;10;2;28;1545;1;1;1;1.0;1.0;140;;M;0.0;0.0;60
201000012214;10;6;13;1830;1;1;1;1.0;6.0;3;;M;0.0;0.0;60
201000012216;10;8;5;1545;1;1;1;1.0;7.0;45;;M;0.0;0.0;60
201000012217;10;8;9;2115;2;2;1;1.0;6.0;134;RD 86 PK0,250;M;0.0;0.0;60
201000012300;10;7;24;1200;1;2;1;1.0;5.0;148;RN7;M;0.0;0.0;830
201000012314;10;5;24;1915;1;1;1;1.0;3.0;81;;M;0.0;0.0;830
201000012318;10;8;12;1000;1;1;1;1.0;1.0;124;;M;0.0;0.0;830
201000012383;10;11;6;1530;1;1;1;1.0;3.0;151;;M;0.0;0.0;830
201000012397;10;2;15;1300;1;2;1;8.0;3.0;104;Vallat du sauvage - D561;M;0.0;0.0;830
201000012413;10;7;13;915;1;2;1;1.0;1.0;108;carrefour CD 64 / CD 05;M;4334500.0;597400.0;830
201000012415;10;7;21;2215;5;2;1;1.0;1.0;88;Rue de la République;M;0.0;0.0;830
201000012433;10;5;18;1045;1;1;1;1.0;7.0;97;;M;0.0;0.0;830
201000012482;10;8;24;1200;1;1;1;1.0;2.0;152;;M;4327500.0;677600.0;830
201000012488;10;3;28;1100;1;1;1;1.0;7.0;43;;M;0.0;0.0;830
201000012502;10;6;5;945;1;1;1;1.0;3.0;68;;M;0.0;0.0;830
201000012512;10;7;21;745;1;2;6;1.0;3.0;42;rd pt armée d'afrique;M;4341600.0;690300.0;830
201000012535;10;5;22;1545;1;1;1;1.0;1.0;115;;M;0.0;0.0;830
201000012559;10;1;21;1545;1;1;1;1.0;1.0;35;;M;0.0;0.0;830
201000012570;10;8;1;1100;1;1;1;1.0;7.0;16;;M;0.0;0.0;830
201000012585;10;2;2;1000;1;2;6;1.0;1.0;71;rond-point de la Poste;M;4300000.0;600000.0;830
201000012587;10;7;19;845;1;1;1;1.0;1.0;71;;M;0.0;0.0;830
201000012590;10;3;17;1000;1;2;6;1.0;1.0;112;Rond point Marro;M;0.0;0.0;830
201000012624;10;5;26;1500;1;2;1;1.0;3.0;54;route du thor;M;4392400.0;503300.0;840
201000012629;10;10;20;1800;1;1;1;1.0;3.0;54;;M;0.0;0.0;840
201000012632;10;12;23;1900;3;1;1;2.0;2.0;54;;M;0.0;0.0;840
201000012637;10;6;28;830;1;1;6;1.0;3.0;141;;M;4398600.0;488700.0;840
201000012679;10;4;17;1145;1;1;1;1.0;2.0;76;;M;0.0;0.0;840
201000012714;10;7;11;1230;1;1;1;1.0;1.0;69;;M;4426500.0;524700.0;840
201000012720;10;12;10;1215;1;2;1;1.0;3.0;8;;M;4414600.0;509600.0;840
201000012734;10;11;5;1100;1;1;6;1.0;1.0;127;;M;0.0;0.0;840
201000012738;10;4;26;745;1;2;3;7.0;3.0;19;Avenue Emile LACHAUX;M;4428300.0;478300.0;840
201000012747;10;10;28;1400;1;1;1;1.0;3.0;19;;M;0.0;0.0;840
201000012756;10;5;18;1730;1;1;1;1.0;2.0;137;;M;0.0;0.0;840
201000012771;10;8;17;1745;1;1;1;1.0;5.0;138;;M;4440800.0;499000.0;840
201000012799;10;9;21;2215;3;1;1;1.0;2.0;244;;M;4366764.0;404559.0;340
201000012803;10;11;4;1815;2;1;1;1.0;3.0;58;;M;0.0;0.0;340
201000012822;10;3;17;1615;1;2;1;1.0;1.0;145;Av du général de gaulle;M;4368017.0;414506.0;340
201000012826;10;4;8;615;5;2;6;8.0;1.0;145;rond pt Pierre Sarguet;M;4368297.0;415064.0;340
201000012827;10;5;21;845;1;2;1;1.0;3.0;145;avenue Louis Médard;M;4368951.0;413599.0;340
201000012856;10;3;14;1000;1;1;1;1.0;1.0;318;;M;4380443.0;395403.0;340
201000012860;10;8;5;2000;2;1;1;7.0;1.0;322;;M;4378806.0;383400.0;340
201000012861;10;9;16;830;1;1;1;1.0;3.0;322;;M;4379097.0;385021.0;340
201000012863;10;12;4;1030;1;2;6;1.0;3.0;276;Rdpt anciens combattants;M;4377400.0;386900.0;340
201000012865;10;1;6;1445;1;1;1;1.0;7.0;211;;M;4357500.0;298900.0;340
201000012870;10;3;14;1130;1;1;1;1.0;1.0;96;;M;4356317.0;317843.0;340
201000012872;10;4;5;1800;1;2;9;1.0;1.0;235;Andabre / RD22 E12;M;4300853.0;436670.0;340
201000012890;10;8;28;1415;1;1;1;1.0;6.0;52;;M;4333576.0;304061.0;340
201000012895;10;3;23;1530;1;1;1;1.0;5.0;69;;M;4337947.0;310929.0;340
201000012906;10;10;1;1600;1;1;1;1.0;1.0;92;;M;4338410.0;293652.0;340
201000012931;10;9;22;1100;1;1;1;1.0;1.0;56;;M;4342345.0;343091.0;340
201000012983;10;7;7;1730;1;1;1;1.0;3.0;209;;M;4331423.0;336268.0;340
201000012997;10;6;25;815;1;2;3;1.0;1.0;142;AVENUE JOSEPH RAILHAC;M;4373323.0;331207.0;340
201000013016;10;7;2;1015;1;1;1;1.0;7.0;16;;M;4356000.0;360600.0;340
201000013068;10;9;10;815;1;1;6;7.0;3.0;429;;M;0.0;0.0;110
201000013077;10;11;18;1330;1;2;4;1.0;3.0;315;avenue du 22 aout 1944;M;4328500.0;259300.0;110
201000013080;10;5;20;1215;1;2;2;1.0;3.0;430;D 219;M;0.0;0.0;110
201000013118;10;8;31;1345;1;1;1;1.0;3.0;147;;M;0.0;0.0;110
201000013132;10;10;6;1900;1;1;2;1.0;3.0;63;;M;0.0;0.0;110
201000013140;10;9;26;1600;1;1;1;6.0;2.0;262;;M;0.0;0.0;110
201000013149;10;5;23;230;3;1;1;1.0;5.0;170;;M;4314300.0;313900.0;110
201000013160;10;2;22;1930;3;1;1;1.0;2.0;41;;M;4330600.0;287000.0;110
201000013174;10;9;7;1815;1;2;1;1.0;3.0;203;;M;4320200.0;277700.0;110
201000013188;10;10;20;930;1;2;1;1.0;1.0;133;route d'AIGUES MORTES;M;0.0;0.0;300
201000013198;10;6;26;2030;1;2;1;1.0;3.0;321;Impasse des vignerons;M;4378210.0;408053.0;300
201000013211;10;7;15;1845;1;1;1;1.0;6.0;156;;M;4387484.0;444331.0;300
201000013245;10;9;4;2030;2;1;1;8.0;1.0;333;;M;4375222.0;427153.0;300
201000013247;10;10;2;1000;1;2;1;1.0;3.0;33;Route d'Aubord;M;0.0;0.0;300
201000013294;10;12;8;1415;1;1;1;1.0;1.0;305;;M;4416717.0;416716.0;300
201000013313;10;8;27;845;1;1;1;1.0;3.0;2;;M;4396954.0;410102.0;300
201000013320;10;4;24;1800;1;2;1;1.0;3.0;152;AVENUE DU MOULIN;M;4422596.0;439389.0;300
201000013325;10;7;12;1345;1;1;1;1.0;2.0;227;;M;4423057.0;422105.0;300
201000013350;10;7;2;1515;1;1;1;1.0;1.0;299;;M;4402089.0;444592.0;300
201000013352;10;9;9;1500;1;1;1;1.0;3.0;1;;M;4405195.0;434916.0;300
201000013372;10;9;22;1800;1;1;1;1.0;1.0;202;;M;4425140.0;465592.0;300
201000013379;10;4;21;1700;1;1;1;1.0;3.0;107;;M;4394416.0;462387.0;300
201000013406;10;8;5;1830;1;2;1;7.0;1.0;221;Boulevard national;M;4405331.0;477607.0;300
201000013430;10;9;15;1000;1;1;1;1.0;7.0;122;;M;4388746.0;424759.0;300
201000013467;10;1;2;930;1;2;1;7.0;1.0;16;CARREFOUR RN88 RN106;M;4448800.0;345700.0;480
201000013482;10;6;26;1830;1;2;1;1.0;1.0;80;Avenue Joffre;M;0.0;0.0;480
201000013547;10;8;21;1015;1;1;1;1.0;1.0;37;;M;0.0;0.0;660
201000013553;10;8;4;900;1;2;1;1.0;3.0;11;Av.  de la mediterranée;M;4260495.0;289477.0;660
201000013565;10;7;19;1830;1;2;1;1.0;3.0;187;;M;4280985.0;249740.0;660
201000013571;10;8;4;1615;1;2;1;1.0;1.0;174;;M;0.0;0.0;660
201000013590;10;8;23;1030;1;1;9;1.0;2.0;180;;M;0.0;0.0;660
201000013617;10;5;19;915;1;2;6;1.0;3.0;8;rond point du port;M;4254576.0;302227.0;660
201000013629;10;2;20;1515;1;1;1;1.0;1.0;233;;M;0.0;0.0;660
201000013663;10;9;24;2030;3;1;1;1.0;1.0;125;;M;0.0;0.0;660
201000013789;10;4;11;1500;1;1;1;2.0;1.0;239;;M;0.0;0.0;202
201000013822;10;4;19;1215;1;1;1;1.0;1.0;354;;M;0.0;0.0;202
201000013844;10;4;21;1830;1;2;1;1.0;3.0;251;;M;0.0;0.0;202
201000013904;10;10;2;1350;1;2;2;1.0;3.0;61;LOUIS COMTE ( RUE );;;;50
201000013906;10;11;13;1300;1;2;6;1.0;3.0;61;rond point de l'Adret;;;;50
201000013925;10;10;10;1030;1;2;1;1.0;3.0;57;Chaussée clearstream;M;4904100.0;157300.0;780
201000013938;10;3;13;845;1;2;3;1.0;3.0;90;RD 113;M;4895290.0;190891.0;780
201000013948;10;4;11;1030;1;2;3;1.0;5.0;451;R SAINT BLAISE;M;4894330.0;183694.0;780
201000013962;10;7;20;1600;1;2;3;1.0;3.0;618;D115/D170;M;4888430.0;157569.0;780
201000014007;10;2;26;1915;3;1;1;1.0;6.0;321;ROUTE DEPARTEMENTALE 15;M;4879480.0;189961.0;780
201000014116;10;4;13;1945;2;2;6;2.0;1.0;272;RTE DAMIETTE/RUE GRUERIE;M;0.0;0.0;910
201000014124;10;9;11;1615;1;1;1;1.0;1.0;679;;M;0.0;0.0;910
201000014155;10;6;2;1800;1;2;1;1.0;3.0;120;8 rue de l'Oise;M;4908430.0;220050.0;950
201000014163;10;10;3;1120;1;2;1;1.0;7.0;592;rue de la montcient;M;4902560.0;187140.0;950
201000014203;10;9;3;830;1;2;1;1.0;1.0;222;Rue Saint Abdon;M;0.0;0.0;770
201000014223;10;6;25;1245;1;1;1;1.0;3.0;142;;M;4886800.0;288300.0;770
201000014224;10;7;4;745;1;1;1;1.0;1.0;529;;M;4886000.0;292300.0;770
201000014234;10;3;10;1730;1;2;1;1.0;3.0;429;Route de la Vallée;M;0.0;0.0;770
201000014240;10;4;18;1145;1;1;1;1.0;1.0;512;;M;4887700.0;332900.0;770
201000014246;10;10;9;2100;3;1;1;1.0;2.0;182;;M;4828700.0;300000.0;770
201000014264;10;3;1;1400;1;1;1;1.0;3.0;508;;M;0.0;0.0;770
201000014271;10;9;22;1415;1;2;1;1.0;2.0;91;face au 12 rue de Paris;M;4874500.0;283800.0;770
201000014292;10;3;18;1115;1;1;1;1.0;2.0;99;;M;0.0;0.0;770
201000014356;10;1;18;930;1;2;1;5.0;2.0;347;rue de la grande couture;M;0.0;0.0;770
201000014410;10;5;8;1200;1;2;1;1.0;6.0;6;199 RTE DE JOUY - CHUTE;M;0.0;0.0;450
201000014427;10;7;11;1015;1;1;1;1.0;2.0;134;;M;0.0;0.0;450
201000014430;10;9;8;700;2;1;2;3.0;2.0;179;D 19/R MEUNG;M;4777535.0;167018.0;450
201000014513;10;1;2;1900;3;1;1;1.0;2.0;145;;M;0.0;0.0;450
201000014517;10;2;10;640;3;1;1;1.0;2.0;343;;M;0.0;0.0;450
201000014610;10;4;12;2100;2;2;1;1.0;1.0;242;RUE ADELINE;M;4683600.0;292600.0;180
201000014655;10;7;4;1145;1;1;1;1.0;1.0;229;;M;4724480.0;237477.0;180
201000014658;10;7;30;1130;1;1;1;1.0;6.0;271;;M;4716200.0;238955.0;180
201000014696;10;5;31;900;1;1;1;1.0;1.0;140;;M;4859520.0;167760.0;280
201000014723;10;8;24;1630;1;2;1;1.0;2.0;313;2 RUE ST PIERRE;M;4834080.0;175162.0;280
201000014742;10;10;27;1645;1;1;1;1.0;1.0;353;;M;4815550.0;141159.0;280
201000014747;10;4;20;1415;1;1;1;1.0;3.0;12;;M;4810430.0;114926.0;280
201000014752;10;9;12;1830;1;2;1;1.0;2.0;133;"LIEU DIT ""THOREAU""";M;4804710.0;128487.0;280
201000014773;10;9;22;1145;1;2;6;1.0;1.0;371;ROUTE D'EZY;M;4886110.0;142308.0;280
201000014774;10;9;22;1200;1;2;1;1.0;6.0;64;18 BIS RUE DES FRANCBOUR;M;4879700.0;149505.0;280
201000014809;10;9;11;1515;1;2;1;1.0;3.0;33;RUE ST EXUPERY;M;4850650.0;105786.0;280
201000014861;10;5;10;1730;1;2;3;3.0;3.0;34;RUEPINARD/RUELA VACHERIE;M;4725610.0;166664.0;360
201000014862;10;7;1;830;1;2;1;1.0;3.0;34;RUE DE VARENNES;M;4725470.0;165230.0;360
201000014882;10;7;24;1030;1;2;1;1.0;6.0;106;LE BOURG 36800 LUZERET;M;4654350.0;139228.0;360
201000014897;10;8;16;1100;1;1;1;1.0;3.0;73;"LIEU DIT ""LA LANDE""";M;4652080.0;209466.0;360
201000014913;10;10;17;800;2;1;2;1.0;3.0;89;;M;4669170.0;180687.0;360
201000014918;10;4;9;1715;1;1;1;1.0;2.0;37;;M;4691900.0;177152.0;360
201000014921;10;7;22;1330;1;1;1;1.0;2.0;140;;M;4690480.0;188789.0;360
201000014936;10;7;4;300;3;1;1;1.0;2.0;138;;M;0.0;0.0;370
201000014987;10;7;16;1445;1;2;1;1.0;7.0;52;48 RUE DE LA MAIRIE;M;4745110.0;87277.0;370
201000014988;10;7;17;1915;1;2;1;1.0;7.0;203;RUE DES PELUS;M;4741940.0;75971.0;370
201000014993;10;9;2;1745;1;1;3;1.0;6.0;224;;M;0.0;0.0;370
201000015039;10;11;15;1730;1;1;1;1.0;3.0;192;;M;0.0;0.0;370
201000015048;10;4;30;1430;1;2;2;1.0;1.0;45;INTERSECTION CD750-CD350;M;4702160.0;60937.0;370
201000015054;10;3;24;1230;1;2;1;1.0;7.0;159;10 RUE DE LA VASSELIÈRE;M;0.0;0.0;370
201000015074;10;7;24;1145;1;1;3;1.0;3.0;29;;M;4749970.0;126825.0;410
201000015139;10;4;20;1830;1;1;1;7.0;2.0;265;;M;4777600.0;76825.0;410
201000015158;10;4;10;1845;1;1;9;1.0;1.0;12;LA MIÉTISE;;;;410
201000015168;10;5;20;2000;2;2;1;1.0;3.0;214;Le Moutchic;M;4500600.0;-113600.0;330
201000015172;10;8;3;2230;3;1;1;2.0;2.0;136;;M;4792172.0;-350260.0;290
201000015183;10;8;5;1545;1;2;1;1.0;3.0;236;rue de la gare;M;4784472.0;-369020.0;290
201000015191;10;9;9;1800;1;2;1;1.0;3.0;274;rue de Kernabat;M;4802916.0;-370739.0;290
201000015208;10;5;21;900;1;1;1;1.0;3.0;104;;M;0.0;0.0;130
201000015231;10;7;19;815;1;2;1;1.0;1.0;199;route des lacs;M;4464000.0;-111500.0;330