Num_Acc;an;mois;jour;hrmn;lum;agg;int;atm;col;com;adr;gps;lat;long;dep
201000015249;10;1;27;1145;1;2;2;1.0;3.0;4;GAROUPE BD DE LA;;;;60
201000015283;10;5;13;905;1;2;1;1.0;3.0;155;85, ROUSTAN AV.ET BD DES;;;;60
201000015363;10;1;15;1240;1;2;1;1.0;2.0;123;BORD DE MER RN 98;;;;60
201000015383;10;3;11;800;1;2;4;1.0;3.0;123;OSSOLA JEAN BOULEVARD;;;;60
201000015384;10;3;12;1445;1;2;1;1.0;3.0;123;1554, BORD DE MER RN 98;;;;60
201000015437;10;5;23;1700;1;2;1;1.0;6.0;27;PLAGE BOULEVARD DE LA;;;;60
201000015456;10;6;25;1500;1;2;1;1.0;3.0;27;GARE AVENUE DE LA;;;;60
201000015464;10;7;9;1400;1;2;1;1.0;3.0;123;920, PLATEAUX FLEURIS CH;;;;60
201000015468;10;7;17;2015;1;2;1;1.0;1.0;27;ST LAURENT CHEMIN DE;;;;60
201000015481;10;8;2;750;1;2;1;1.0;3.0;27;ALPES AVENUE DES;;;;60
201000015487;10;8;9;1500;1;2;1;1.0;3.0;123;GERBAULT ALAIN PROMENADE;;;;60
201000015557;10;11;7;930;1;2;1;1.0;1.0;123;BERENGER LEON AVENUE;;;;60
201000015559;10;11;9;1130;1;2;1;1.0;3.0;27;PLAGE BOULEVARD DE LA;;;;60
201000015564;10;11;15;1540;1;2;1;2.0;3.0;27;51, GRASSE AVENUE DE;;;;60
201000015605;10;1;23;1255;1;2;1;1.0;2.0;29;11, ST PIERRE (QUAI);;;;60
201000015613;10;2;7;1325;1;2;1;1.0;7.0;29;00, CLEMENCEAU (RUE GEOR;;;;60
201000015625;10;2;28;1335;1;2;1;1.0;6.0;29;JUIN (AVENUE MARECHAL);;;;60
201000015652;10;4;27;1315;1;2;1;1.0;3.0;29;GAZAGNAIRE (BL EUGENE);;;;60
201000015654;10;4;29;1525;1;2;1;1.0;3.0;29;CARNOT (BOULEVARD);;;;60
201000015710;10;7;22;800;1;2;1;7.0;3.0;29;HIBERT (BOULEVARD JEAN);;;;60
201000015717;10;8;8;745;1;2;1;1.0;6.0;29;29, MIDI (BOULEVARD DU);;;;60
201000015720;10;8;12;930;1;2;1;7.0;3.0;29;00, MAUBERT (RONT POINT;;;;60
201000015754;10;9;20;1435;1;2;1;1.0;3.0;29;GRASSE (AVENUE DE);;;;60
201000015766;10;10;11;1200;1;2;1;1.0;6.0;29;24, SCOTT (RUE WALTER);;;;60
201000015767;10;10;12;815;1;2;1;1.0;3.0;30;POMPIDOU (AVENUE GEORGES;;;;60
201000015777;10;10;26;930;1;2;1;1.0;2.0;29;HESPERIDES (AVENUE DES);;;;60
201000015779;10;10;27;1800;2;2;1;1.0;3.0;29;TONNER (AVENUE FRANCIS);;;;60
201000015798;10;11;29;1040;1;2;1;1.0;3.0;30;REBUFFEL (RUE);;;;60
201000015813;10;12;15;1420;1;2;1;1.0;6.0;29;DE GAULLE (PLACE DU GENE;;;;60
201000015917;10;6;14;1625;1;2;1;1.0;3.0;69;12, CARNOT (BOULEVARD ET;;;;60
201000015949;10;7;18;1900;1;2;1;1.0;7.0;69;80, BELLETRUD (BOULEVARD;;;;60
201000015957;10;7;24;1130;1;2;1;1.0;6.0;69;32, BASSES MOULIERES (CH;;;;60
201000015965;10;8;4;1645;1;2;1;1.0;3.0;69;x, CLAVECIN (JARDIN DU);;;;60
201000016009;10;9;26;1215;1;1;1;1.0;2.0;69;200, SAINT LAURENT (AVEN;;;;60
201000016014;10;10;4;750;1;2;1;2.0;3.0;69;11, SEMARD (AVENUE PIERR;;;;60
201000016119;10;4;2;1710;1;2;3;1.0;3.0;83;DE GAULLE (AVENUE GENERA;;;;60
201000016125;10;4;15;1940;1;2;1;1.0;6.0;83;BONAPARTE (QUAI);;;;60
201000016134;10;5;2;840;1;2;1;8.0;1.0;104;MONLEON (AVENUE SYLVIO D;;;;60
201000016178;10;9;13;830;1;2;3;1.0;3.0;83;884, SOLEIL (PROMENADE D;;;;60
201000016225;10;1;5;1730;1;1;1;1.0;3.0;88;0, MIN NICE ST AUGUSTIN;;;;60
201000016229;10;1;6;1825;5;2;1;1.0;6.0;88;47, ETATS UNIS (QUAI DES;;;;60
201000016264;10;1;18;1030;1;2;1;1.0;6.0;88;0, FRANCE (R. DE) DU N°;;;;60
201000016267;10;1;18;1655;1;2;1;1.0;6.0;88;0, VERANY (BD J.B.);;;;60
201000016317;10;2;2;1900;5;2;1;1.0;1.0;88;39, ANGLAIS (DU N° 1 AU;;;;60
201000016344;10;2;10;1540;1;2;1;1.0;3.0;88;0, DIABLES BLEUS (AV. DE;;;;60
201000016380;10;2;24;840;1;2;1;1.0;3.0;88;11 BIS, SAINT-ROCH (BD D;;;;60
201000016469;10;3;24;1515;1;2;2;1.0;3.0;88;0, RAOUL BOSIO (Rue);;;;60
201000016472;10;3;25;1630;1;2;3;1.0;3.0;88;0, DEUX EMMANUELS (QUAI;;;;60
201000016481;10;3;29;1645;1;2;1;1.0;3.0;88;09, DURANTE (AV.);;;;60
201000016496;10;4;2;825;1;2;1;1.0;5.0;88;0, CIMIEZ (BD) JUSQU'AU;;;;60
201000016516;10;4;9;230;5;2;1;1.0;6.0;88;0, FAURE (AV. FELIX);;;;60
201000016517;10;4;9;1515;1;2;1;1.0;3.0;88;38, RISSO (BD);;;;60
201000016528;10;4;13;1045;1;2;3;1.0;6.0;88;21, GARNIER (BD JOSEPH);;;;60
201000016529;10;4;13;1725;1;2;3;1.0;6.0;88;0, ARIETA (CAMIN DE L');;;;60
201000016577;10;4;26;815;1;2;1;1.0;3.0;88;05, CANAVESE (RUE JEAN);;;;60
201000016596;10;4;30;1445;1;2;1;1.0;6.0;88;10, FAURE (AV. FELIX);;;;60
201000016619;10;5;7;810;1;2;1;1.0;6.0;88;97, GAMBETTA (A PARTIR D;;;;60
201000016647;10;5;18;1020;1;2;1;1.0;6.0;88;44, RISSO (BD);;;;60
201000016656;10;5;21;1251;1;2;1;1.0;6.0;88;0, VILLE (R. GEORGES);;;;60
201000016657;10;5;21;1315;1;2;2;1.0;6.0;88;0, REPUBLIQUE (AV. DE LA;;;;60
201000016673;10;5;28;1835;1;2;1;1.0;6.0;88;12, FAURE (AV. FELIX);;;;60
201000016677;10;5;29;1900;1;2;1;1.0;6.0;88;0, HUGO (BD VICTOR);;;;60
201000016719;10;6;14;700;1;2;1;1.0;6.0;88;61, GAMBETTA (JUSQU'AU N;;;;60
201000016732;10;6;17;1700;1;2;1;1.0;6.0;88;0, DIGUE DES FRANCAIS (T;;;;60
201000016733;10;6;18;1755;2;2;1;1.0;6.0;88;21, CAPPATTI F.L. (RUE);;;;60
201000016757;10;6;24;1025;1;2;1;1.0;4.0;88;0, ANGLAIS (N° 113);;;;60
201000016763;10;6;26;1845;1;2;1;1.0;1.0;88;12, ARENES DE CIMIEZ (AV;;;;60
201000016854;10;7;21;1620;1;2;1;1.0;6.0;88;14, MEDECIN (AV. JEAN);;;;60
201000016856;10;7;22;1500;1;2;1;1.0;3.0;88;22, CASSIN (BD RENE);;;;60
201000016876;10;7;28;335;5;2;1;1.0;1.0;88;20, WALESA (BD LECH);;;;60
201000016891;10;8;1;920;1;2;1;1.0;1.0;88;0, POMPIDOU (BD GEORGES);;;;60
201000016895;10;8;2;1000;1;2;1;1.0;3.0;88;0, SAINT-JEAN BAPTISTE (;;;;60
201000016900;10;8;3;830;1;2;1;1.0;3.0;88;0, ROQUEBILLIERE (R. DE);;;;60
201000016934;10;8;14;145;5;2;1;1.0;2.0;88;0, CIMIEZ (BD) A PARTIR;;;;60
201000016954;10;8;25;1630;1;2;2;1.0;3.0;88;0, MEDECIN (AV. JEAN);;;;60
201000017012;10;9;14;1530;1;2;2;1.0;3.0;88;0, FONTAINE DE LA VILLE;;;;60
201000017023;10;9;16;1715;1;2;1;1.0;3.0;88;0, DUFY (RUE RAOUL);;;;60
201000017046;10;9;22;1640;1;1;1;1.0;3.0;88;38, LEPANTE (R. DE);;;;60
201000017048;10;9;23;1000;1;2;3;1.0;3.0;88;0, GRASSE (RUE AMIRAL DE;;;;60
201000017052;10;9;25;1740;1;2;1;1.0;3.0;88;0, RD 6202;;;;60
201000017098;10;10;5;1230;1;2;1;1.0;3.0;88;0, SAINT-JEAN BAPTISTE (;;;;60
201000017117;10;10;10;650;5;2;2;1.0;3.0;88;, MEDECIN (AV. JEAN);;;;60
201000017137;10;10;18;1510;1;2;1;1.0;3.0;88;93, ETATS UNIS (QUAI DES;;;;60
201000017181;10;11;4;1150;1;2;1;1.0;3.0;88;0, SAINT-LAMBERT (AV.) (;;;;60
201000017195;10;11;11;1420;1;2;2;1.0;3.0;88;0, BORRIGLIONE (A PARTIR;;;;60
201000017199;10;11;12;1800;5;1;1;1.0;3.0;88;25, AUBER (AV.);;;;60
201000017260;10;12;7;1630;1;1;1;1.0;3.0;88;, GAMBETTA (A PARTIR DU;;;;60
201000017282;10;12;13;830;1;2;3;1.0;3.0;88;0, GAMBETTA (A PARTIR DU;;;;60
201000017305;10;12;20;1030;1;2;1;1.0;6.0;88;87, ARENES DE CIMIEZ (AV;;;;60
201000017306;10;12;20;1200;1;2;1;1.0;6.0;88;63, RAYBAUD JOSEPH;;;;60
201000017342;10;6;24;1830;1;1;1;1.0;1.0;207;;M;4709700.0;316500.0;580
201000017354;10;4;16;900;1;1;1;7.0;2.0;25;;M;4348960.0;554566.0;130
201000017386;10;7;5;1145;1;2;1;1.0;1.0;10;FAYA (RUE DE);;;;70
201000017410;10;7;5;1800;1;2;2;1.0;3.0;102;Avenue Georges CLEMENCEA;;;;70
201000017416;10;7;24;830;1;2;1;6.0;1.0;202;avenue du roussillon;M;4285400.0;304500.0;110
201000017444;10;2;25;2145;5;2;1;1.0;3.0;123;34990;M;4361416.0;381558.0;340
201000017448;10;4;5;1345;1;1;1;1.0;2.0;202;;M;4357809.0;376040.0;340
201000017456;10;11;22;830;1;2;1;1.0;3.0;202;avenue de l'europe;M;4358600.0;375700.0;340
201000017462;10;6;21;1745;1;2;6;1.0;3.0;51;rue de rennes;M;4811900.0;-163300.0;350
201000017479;10;9;18;1200;1;1;1;1.0;1.0;257;;M;4593600.0;205200.0;230
201000017522;10;2;1;1630;1;2;1;1.0;3.0;64;;M;0.0;0.0;690
201000017524;10;7;11;1030;1;2;1;1.0;1.0;235;D502;M;0.0;0.0;690
201000017526;10;8;22;610;2;2;1;1.0;6.0;64;RUE DE BELFORT;;;;690
201000017544;10;9;16;915;1;1;1;1.0;2.0;243;;M;4734560.0;53041.0;370
201000017545;10;10;12;1830;1;2;3;1.0;6.0;50;;M;0.0;0.0;370
201000017725;10;5;16;1300;1;1;1;1.0;5.0;173;;M;0.0;0.0;600
201000017728;10;6;23;1545;1;2;3;1.0;3.0;74;GRANDE RUE;M;0.0;0.0;600
201000017798;10;4;28;1730;1;1;1;1.0;2.0;408;;M;4738990.0;502658.0;210
201000017803;10;9;19;915;1;1;6;1.0;3.0;3;ZAC AHUY RUE PRÉ POTET;M;4735770.0;503382.0;210
201000017805;10;10;6;1830;1;1;1;1.0;1.0;408;;M;4740760.0;500378.0;210
201000017839;10;10;29;1530;1;2;2;1.0;1.0;278;rue Ile napoleon;M;4776748.0;739245.0;680
201000017852;10;8;29;1800;1;1;1;1.0;7.0;226;;M;4823200.0;-94400.0;530
201000017969;10;6;26;1030;1;2;1;1.0;3.0;27;RUE DE TOURS;M;0.0;0.0;370
201000017970;10;7;7;1900;1;1;1;1.0;7.0;267;;M;0.0;0.0;370
201000018065;10;4;14;1657;1;2;1;1.0;3.0;105;FOREST AVENUE;A;0.0;0.0;80
201000018068;10;3;24;650;2;2;1;1.0;3.0;105;ARCHES (AVENUE);A;0.0;0.0;80
201000018097;10;6;13;945;1;2;2;1.0;3.0;68;CARREFOUR D78C/D78D;M;4371760.0;478791.0;130
201000018226;10;4;27;1245;1;2;1;1.0;3.0;485;RUE PROGRES/RUE SISTERON;M;0.0;0.0;380
201000018379;10;4;11;1045;1;1;6;7.0;3.0;12;;M;0.0;0.0;660
201000018389;10;11;15;1800;3;2;1;2.0;3.0;81;Av Georges Clémenceau;M;0.0;0.0;740
201000018390;10;10;28;1900;2;2;1;1.0;6.0;169;avenue du stade;M;0.0;0.0;740
201000018432;10;7;16;2000;1;2;1;1.0;1.0;122;39, LAC(RESIDENCE DU);;;;90
201000018448;10;8;22;1730;1;1;1;1.0;6.0;253;;M;4504100.0;613299.0;380
201000018488;10;8;8;1030;1;1;1;1.0;3.0;227;;M;4438370.0;183180.0;460
201000018526;10;8;9;1815;1;2;1;7.0;1.0;431;CD 30 - RTE DE ST PANCRA;M;4526060.0;584443.0;380
201000018532;10;11;30;1345;1;2;1;1.0;3.0;397;RD1090 CENTRE BOURG;M;0.0;0.0;380
201000018540;10;7;6;915;1;2;1;1.0;5.0;85;aveue Notre Dame de Vie;M;0.0;0.0;60
201000018611;10;7;20;1545;1;1;1;1.0;3.0;268;;M;4586100.0;606500.0;740
201000018638;10;6;28;1830;1;2;1;1.0;3.0;279;143 av Jean Jaures;M;4551321.0;426349.0;420
201000018639;10;7;9;1515;1;1;1;1.0;3.0;256;;M;4547516.0;414613.0;420
201000018641;10;7;22;1100;1;2;1;2.0;1.0;279;Route de Chambles;M;4549828.0;424330.0;420
201000018691;10;12;13;1600;1;2;4;1.0;3.0;588;6 rue des lavandières;M;0.0;0.0;310
201000018697;10;4;20;1515;1;2;1;1.0;1.0;152;D4 route de grasse;M;0.0;0.0;60
201000018712;10;12;1;1845;2;2;9;1.0;3.0;18;route des dolines;M;0.0;0.0;60
201000018718;10;9;22;1330;1;2;6;1.0;3.0;68;quai Illhausern 5;;;;690
201000018725;10;5;14;1015;1;2;1;1.0;6.0;244;2 AVENUE GÉNÉRAL BROSSET;M;0.0;0.0;690
201000018748;10;11;21;1130;1;2;6;2.0;6.0;378;;M;4543640.0;477041.0;380
201000018760;10;7;24;1600;1;2;6;1.0;6.0;11;Rond point du lachat;M;0.0;0.0;740
201000018765;10;8;26;2145;3;1;1;1.0;3.0;22;Argolet/RD5;M;4597800.0;621900.0;740
201000018794;10;6;28;1645;1;1;6;1.0;3.0;233;RD 30/RTE ROYALE;M;4888410.0;198261.0;780
201000018833;10;7;27;1600;1;1;1;1.0;5.0;251;;M;0.0;0.0;560
201000018837;10;9;25;1145;1;1;2;1.0;3.0;243;;M;4761818.0;-272143.0;560
201000018944;10;2;24;855;1;2;4;1.0;2.0;387;82 BIS,CHARMILLES (MAIL);M;4830430.0;408807.0;100
201000018945;10;2;24;1045;1;2;1;1.0;2.0;387;77, EMILE ZOLA (RUE);M;4829620.0;407422.0;100
201000018947;10;3;4;725;1;2;1;1.0;3.0;357;LIEUTENANT TAITTINGER;M;4830314.0;409953.0;100
201000018952;10;3;13;805;1;2;1;1.0;1.0;387;26, JEANNETTE (RUE);M;4828252.0;408967.0;100
201000018969;10;4;19;1940;1;2;2;1.0;6.0;387;., ANDRE SALOMON (RUE);M;4831160.0;406433.0;100
201000018970;10;4;29;1820;1;2;1;1.0;7.0;387;59, JULES GUESDE (RUE);M;4828671.0;408222.0;100
201000018971;10;4;20;805;1;2;1;9.0;6.0;297;ANATOLE FRANCE (RUE);M;4831749.0;409760.0;100
201000018974;10;5;18;805;1;2;6;1.0;6.0;387;., GEORGES POMPIDOU (RUE;;;;100
201000018985;10;6;23;1220;1;2;1;1.0;6.0;81;73, JULES FERRY (RUE);;;;100
201000018990;10;7;6;2155;2;2;3;1.0;6.0;387;., GUSTAVE LEHEUTRE (RUE;M;4827212.0;408103.0;100
201000018992;10;7;12;945;1;2;5;1.0;6.0;357;., LIEUTENANT MICHEL TAI;M;4830362.0;409811.0;100
201000018995;10;7;29;1945;1;2;2;1.0;7.0;387;., GAMBETTA (RUE);M;4830060.0;407547.0;100
201000018997;10;7;30;1350;1;2;1;1.0;3.0;387;133, MAJOR GENERAL VANIE;M;4830935.0;406810.0;100
201000018999;10;8;8;1640;1;2;1;1.0;6.0;387;10, LINARD HUBERT (RUE)T;M;4829323.0;409311.0;100
201000019004;10;8;24;2137;2;2;1;1.0;2.0;81;RUE ROGER SALENGRO;M;4831568.0;404256.0;100
201000019005;10;8;27;1550;1;2;4;3.0;3.0;321;., HENRI BARBUSSE (RUE);M;4828851.0;403599.0;100
201000019027;10;10;12;1820;1;2;2;1.0;3.0;387;., GRAND MENETRIER (RUE;M;4830733.0;408201.0;100
201000019031;10;10;18;1805;1;2;2;1.0;6.0;387;., EDOUARD HERRIOT (RUE);M;4827410.0;408051.0;100
201000019038;10;11;14;1305;1;2;2;2.0;6.0;81;., GENERAL SARRAIL (AVE);M;4830414.0;403287.0;100
201000019048;10;5;28;1325;1;2;2;1.0;3.0;152;PV,INT.R.INDUSTRIE/23NOV;M;4853700.0;769100.0;670
201000019064;10;11;19;1800;3;1;1;1.0;2.0;389;SPV;M;0.0;0.0;670
201000019073;10;10;16;1100;1;1;1;1.0;1.0;148;;M;0.0;0.0;60
201000019089;10;10;31;1630;1;1;6;3.0;1.0;530;;M;4561210.0;520242.0;380
201000019224;10;2;16;1730;1;2;1;1.0;1.0;69;4, MARTY ANTOINE;;;;110
201000019279;10;6;25;1956;1;1;1;1.0;3.0;69;6, PAPIN DENIS -BD-;;;;110
201000019296;10;7;18;1831;1;1;1;1.0;7.0;69;3, CAVAYERE -ROUTE DE LA;;;;110
201000019300;10;8;3;939;1;2;2;1.0;3.0;69;LECLERC AV. DU GENERAL I;;;;110
201000019304;10;8;14;1530;1;2;2;1.0;3.0;69;25, PERI GABRIEL;;;;110
201000019347;10;4;3;1145;1;2;1;8.0;6.0;76;8, REPUBLIQUE (COURS DE;;;;110
201000019351;10;12;6;845;1;2;2;1.0;3.0;76;25, LAENNEC (AVENUE DU D;;;;110
201000019381;10;4;7;820;1;2;1;1.0;6.0;262;1, PROVENCE (AVENUE DE);;;;110
201000019383;10;1;22;1730;1;2;2;1.0;3.0;262;SEMBAT (BOULEVARD MARCEL;;;;110
201000019409;10;2;17;1815;1;2;1;1.0;6.0;262;1, TRENET (RUE CHARLES);;;;110
201000019411;10;9;8;1725;1;2;6;1.0;3.0;262;REFERENDUM (AVENUE DU);;;;110
201000019443;10;4;1;1710;1;2;1;1.0;2.0;262;1, MONTESQUIEU (AVENUE);;;;110
201000019464;10;6;3;1640;1;2;1;1.0;7.0;262;1, LUNES (ROUTE DE);;;;110
201000019485;10;7;16;250;5;2;1;1.0;7.0;262;ESPAGNE (AVENUE D');;;;110
201000019492;10;7;26;2245;5;2;1;1.0;6.0;262;MAYOLLE (BOULEVARD DE LA;;;;110
201000019497;10;8;15;855;1;2;6;1.0;3.0;262;MARCORIGNAN (ROUTE DE);;;;110
201000019518;10;10;21;1355;1;2;1;1.0;2.0;262;LECLERC (AVENUE DU GENER;;;;110
201000019583;10;1;23;1715;1;1;1;1.0;7.0;240;;M;0.0;0.0;740
201000019635;10;4;23;1315;1;2;3;8.0;6.0;145;496, CALES (AVENUE DE);;;;120
201000019637;10;5;18;1830;1;2;1;1.0;2.0;145;MANDAROUS (PLACE DU);;;;120
201000019642;10;7;8;905;1;2;1;1.0;3.0;145;CAPELLE (BOULEVARD DE LA;;;;120
201000019643;10;7;19;755;1;2;1;7.0;3.0;145;00, CHALIES SULLY (QUAI);;;;120
201000019656;10;3;21;1350;1;2;1;1.0;3.0;202;GINESTE (AVENUE DE LA);;;;120
201000019671;10;6;17;2020;2;2;6;1.0;3.0;202;GINESTE (GIRATOIRE DE LA;;;;120
201000019764;10;3;18;1745;1;2;1;1.0;6.0;1;995, BREDASQUE (AV DE LA;;;;130
201000019773;10;3;27;1225;1;2;6;1.0;3.0;1;SAUZE LUCIEN (PL);M;4353020.0;541026.0;130
201000019791;10;4;26;1010;1;2;6;1.0;3.0;1;MALACRIDA HENRI (AV);M;4351630.0;546672.0;130
201000019820;10;5;25;818;1;1;1;1.0;6.0;1;TOUR D'ARBOIS (RTE DE LA;;;;130
201000019882;10;8;8;1930;1;2;1;1.0;6.0;1;485, BAGATELLE (AVENUE D;;;;130
201000019887;10;8;19;1100;1;1;1;1.0;6.0;1;RD 543;;;;130
201000019892;10;8;28;1950;1;1;1;1.0;3.0;1;BELLEC MAURICE (RTE DU C;;;;130
201000019910;10;9;20;2000;1;1;3;1.0;3.0;1;3828, SISTERON (RTE DE );;;;130
201000019920;10;10;1;1535;1;1;2;1.0;3.0;1;/, BELLEC MAURICE (RTE D;M;4357690.0;541040.0;130
201000019921;10;10;1;1730;1;2;1;1.0;3.0;1;GARDANNE (ROUTE DE );;;;130
201000019976;10;7;27;1515;1;2;1;1.0;2.0;1;124, GAMBETTA (COURS);;;;130
201000019982;10;3;11;825;1;2;3;1.0;6.0;4;, EMILE COMBES BOULEVARD;M;4367960.0;463385.0;130
201000019989;10;4;21;1255;1;2;3;1.0;3.0;4;0, EMILE COMBES BOULEVAR;M;4367950.0;463389.0;130
201000020002;10;6;12;1920;1;2;1;1.0;3.0;4;JEAN GIONO RUE;;;;130
201000020004;10;6;22;1545;1;2;6;1.0;3.0;4;RD 453;;;;130
201000020019;10;9;2;1040;1;2;1;1.0;6.0;4;GENERAL LECLERC AVENUE D;;;;130
201000020024;10;10;7;910;1;1;6;1.0;3.0;4;MAURICE ETIENNE ROND POI;;;;130
201000020091;10;3;24;1710;1;2;1;1.0;3.0;28;FERRY (AVENUE JULES );M;4318350.0;560161.0;130
201000020156;10;4;6;1800;1;1;9;1.0;6.0;98;HECTOR BERLIOZ ALLEE;;;;130
201000020173;10;7;22;1835;1;1;1;1.0;7.0;47;D.51;;;;130
201000020177;10;8;3;1110;1;2;1;1.0;2.0;47;., AVENUE DE LA CRAU;;;;130
201000020183;10;9;1;1920;1;1;1;1.0;2.0;63;., ROSE DES VENTS AVENUE;;;;130
201000020284;10;10;19;1220;1;2;1;1.0;3.0;54;HUIT MAI 1945  AVE DU;;;;130
201000020287;10;11;3;910;1;2;1;1.0;7.0;54;HUIT MAI 1945  AVE DU;;;;130
201000020360;10;12;2;1830;5;2;6;1.0;3.0;55;RPT JEAN DE TCHORLOU;;;;130
201000020463;10;1;23;1815;4;2;2;1.0;3.0;55;1, CR DE SAINT MITRE A F;M;4334210.0;542006.0;130
201000020467;10;2;2;830;1;2;1;1.0;6.0;55;59, RUE DE ROME;;;;130
201000020470;10;12;28;1030;1;2;1;1.0;2.0;55;110, BD DE SAINT LOUP;;;;130
201000020474;10;12;27;1740;5;2;1;1.0;3.0;55;BD MICHELET;;;;130
201000020506;10;2;8;1715;1;1;1;1.0;6.0;2;00, ETIENNE CUCCA-CD908;;;;130
201000020593;10;2;22;1825;5;2;3;3.0;3.0;55;1, BD VELASQUEZ;M;4324360.0;538474.0;130
201000020619;10;2;1;1700;1;2;9;1.0;3.0;55;9, RUE JOBIN;;;;130
201000020626;10;3;6;1610;1;2;1;1.0;6.0;55;00, RUE DE ROME;;;;130
201000020657;10;2;26;1715;1;2;3;1.0;3.0;55;31, AVE DE LA MADRAGUE D;M;4323730.0;536357.0;130
201000020836;10;4;5;2130;5;2;1;1.0;2.0;55;126, AVE DU PRADO;;;;130
201000020899;10;4;18;1530;1;2;1;1.0;3.0;55;20, PAR BORELY;;;;130
201000020962;10;4;30;1726;1;2;1;1.0;6.0;55;233, BD DE PLOMBIERES;;;;130
201000021007;10;4;5;1000;1;2;1;1.0;3.0;55;246, AVE DES OLIVES;;;;130
201000021013;10;4;26;1805;1;2;1;1.0;6.0;55;19, BD PERIER;;;;130
201000021016;10;4;18;930;1;2;1;1.0;1.0;55;00, RTE DES CAMOINS;;;;130
201000021020;10;5;2;1630;1;2;1;1.0;1.0;55;33, BD DE LA CARTONNERIE;;;;130
201000021045;10;5;4;925;1;2;1;1.0;6.0;55;04, PCE DE POLOGNE;;;;130
201000021171;10;5;19;1445;1;2;1;1.0;3.0;55;16, RUE EMILE ZOLA;;;;130
201000021198;10;5;27;1545;1;2;1;1.0;1.0;55;67, VOI LA CANEBIERE;;;;130
201000021205;10;5;12;1800;1;2;1;1.0;2.0;55;00, TRA DU CINEMA;;;;130
201000021224;10;5;2;1750;1;2;1;1.0;1.0;55;51, AVE WILLIAM BOOTH;;;;130
201000021234;10;5;28;2020;1;2;4;1.0;2.0;55;4, BD LAROUSSE;;;;130
201000021301;10;5;28;1500;1;2;1;1.0;6.0;55;46, AVE CLOT BEY;;;;130
201000021352;10;6;11;745;1;2;3;1.0;2.0;55;11, BD GUSTAVE GANAY;;;;130
201000021377;10;6;8;1145;1;2;2;1.0;3.0;55;47, RUE AUGUSTIN AUBERT;;;;130
201000021422;10;6;25;1750;1;2;3;1.0;3.0;2;1, JEAN GIONO (AVENUE);;;;130
201000021537;10;7;2;845;1;2;1;1.0;2.0;55;00, QAI DE RIVE NEUVE;;;;130
201000021544;10;4;8;1430;1;2;1;1.0;3.0;55;1, RUE DE LA PINEDE;;;;130
201000021556;10;7;11;1950;1;2;1;1.0;3.0;55;285, RUE DE L AUDIENCE;;;;130
201000021660;10;7;17;1830;1;2;3;1.0;1.0;55;01, BD AUGUSTIN CIEUSSA;;;;130
201000021752;10;4;22;1850;1;2;1;1.0;3.0;55;34, BD DU REDON;;;;130
201000021846;10;8;19;830;1;2;1;1.0;3.0;55;RTE DES QUATRE SAISONS A;;;;130
201000021854;10;6;19;705;2;2;1;1.0;3.0;55;AVE DES CHUTES LAVIE;;;;130
201000021908;10;9;7;1310;1;2;2;1.0;3.0;55;145, AVE DE LA CROIX ROU;;;;130
201000021925;10;9;6;2010;5;2;1;1.0;6.0;55;RUE FONTVERT;;;;130
201000021983;10;7;19;1140;1;2;1;1.0;3.0;55;1, AVE DE VALDONNE;;;;130
201000022009;10;9;17;1945;2;2;3;1.0;6.0;55;00, AVE JULES CANTINI;;;;130
201000022015;10;8;21;30;5;2;1;1.0;6.0;55;00, RUE DE ROME;;;;130
201000022109;10;9;23;910;1;2;1;1.0;6.0;55;51, RUE CURIOL;;;;130
201000022307;10;8;29;1510;1;2;1;1.0;6.0;55;00, AVE DU PRADO;;;;130
201000022328;10;10;1;2150;5;2;6;1.0;3.0;55;97, PRO GEORGES POMPIDOU;;;;130
201000022348;10;10;1;1410;1;2;1;1.0;6.0;55;193, BD DE LA LIBERATION;;;;130
201000022415;10;11;4;1030;1;2;1;1.0;6.0;55;0, AVE PIERRE MENDES FRA;;;;130
201000022527;10;11;10;1745;2;1;1;1.0;6.0;55;04, PCE SADI CARNOT;;;;130
201000022544;10;11;19;1600;1;1;1;1.0;6.0;55;00, RTE LEON LACHAMP;;;;130
201000022551;10;11;19;2345;5;2;3;1.0;3.0;55;120, AVE DE MONTREDON;;;;130
201000022573;10;11;22;2100;5;2;3;1.0;3.0;55;459, AVE DE MAZARGUES;;;;130
201000022688;10;11;29;1945;5;2;1;1.0;6.0;55;151, BD DE LA BLANCARDE;;;;130
201000022745;10;12;7;720;1;2;3;1.0;3.0;55;128, BD DE LA BLANCARDE;;;;130
201000022788;10;1;7;815;1;2;1;1.0;6.0;55;54, BD MICHELET;M;4327220.0;539133.0;130
201000022803;10;1;18;1225;1;2;6;1.0;2.0;211;126, ADRIEN LEGROS (ROND;;;;130
201000022843;10;1;2;1020;1;2;1;1.0;7.0;2;10, SAINTE EUPHEMIE (CHE;M;4334150.0;547312.0;130