Num_Acc;an;mois;jour;hrmn;lum;agg;int;atm;col;com;adr;gps;lat;long;dep
201000029613;10;10;8;1755;1;2;6;1.0;3.0;63;BD ALBERT BRANDENBURG;;;;330
201000029615;10;10;6;1315;1;2;2;1.0;3.0;318;AVE PASTEUR;;;;330
201000029624;10;10;12;1428;1;2;2;1.0;3.0;63;RUE DU CHATEAU D'EAU;;;;330
201000029628;10;10;13;925;1;2;2;1.0;3.0;318;VOIE DU TRAMWAY;;;;330
201000029635;10;10;13;850;1;2;6;1.0;6.0;249;AVE DE LA RESISTANCE;;;;330
201000029645;10;10;16;1550;1;2;1;1.0;3.0;63;71, CRS DE L'YSER;;;;330
201000029668;10;10;26;1640;1;2;9;1.0;3.0;63;ECH DU JONC;;;;330
201000029669;10;10;25;1620;1;2;2;1.0;1.0;63;RUE JUDAIQUE;;;;330
201000029679;10;10;28;1715;1;2;1;1.0;6.0;63;11, CRS PORTAL;;;;330
201000029680;10;10;28;1825;1;2;6;1.0;3.0;281;AVE ROLAND GARROS;;;;330
201000029693;10;11;2;1720;5;2;2;1.0;3.0;63;RUE CAMILLE SAINT-SAENS;;;;330
201000029699;10;10;29;900;1;2;1;1.0;6.0;318;288, RUE LOUIS PASTEUR;;;;330
201000029703;10;11;7;2130;5;2;3;1.0;3.0;63;40, RUE DE LA CROIX BLAN;;;;330
201000029722;10;11;10;1945;5;2;7;1.0;6.0;63;CRS GEORGES CLEMENCEAU;;;;330
201000029733;10;11;12;1620;1;2;1;1.0;3.0;63;PCE ANDRE MEUNIER DIT MU;;;;330
201000029737;10;11;9;640;5;2;5;1.0;3.0;318;RUE DE COMPOSTELLE;;;;330
201000029745;10;11;9;830;1;2;1;2.0;3.0;281;16, AVE VICTOR HUGO;;;;330
201000029756;10;11;20;1245;1;2;1;8.0;6.0;63;54, RUE SAINTE- CATHERIN;;;;330
201000029789;10;11;29;820;1;2;3;1.0;6.0;63;QUAI SAINTE- CROIX;;;;330
201000029801;10;12;3;840;1;2;4;1.0;3.0;63;RUE FONDAUDEGE;;;;330
201000029820;10;12;12;1235;1;2;2;1.0;6.0;63;RUE MARGUERITE CRAUSTE;;;;330
201000029825;10;12;7;1900;5;2;3;1.0;2.0;75;AVE DE VERDUN;;;;330
201000029838;10;12;15;1635;1;2;3;1.0;3.0;63;RUE DAVID JOHNSTON;;;;330
201000029844;10;12;10;1841;5;2;3;1.0;3.0;192;ALL MONTBRUN;;;;330
201000029851;10;12;18;1940;5;2;2;2.0;3.0;63;RUE CLAUDE BONNIER;;;;330
201000029858;10;12;17;815;4;2;2;1.0;3.0;63;CRS DE LA SOMME;;;;330
201000029865;10;12;20;824;1;2;4;1.0;3.0;522;RUE FREDERIC SEVENE;;;;330
201000029866;10;12;20;1755;5;2;1;1.0;6.0;281;99, RUE PAUL DOUMER;;;;330
201000029868;10;12;25;1500;1;2;2;1.0;3.0;63;RUE DE PESSAC;;;;330
201000029871;10;12;21;1825;5;2;2;2.0;3.0;522;412, CRS DE LA LIBERATIO;;;;330
201000029892;10;4;14;1230;1;2;2;1.0;3.0;243;01, MAROC(RUE DU);;;;330
201000029893;10;6;9;1825;1;2;3;1.0;6.0;243;ROQUETTE(QUAI DE LA);;;;330
201000029894;10;6;22;920;1;2;6;1.0;3.0;243;61, GAULLE(AVENUE DU GEN;;;;330
201000029900;10;8;24;1740;1;2;6;1.0;3.0;243;1, JOFFRE(PLACE);;;;330
201000029901;10;9;11;2346;5;2;2;1.0;3.0;243;FONNEUVE(RUE);;;;330
201000029915;10;5;29;1140;1;1;1;1.0;6.0;3;RD612;M;4330895.0;351352.0;340
201000029918;10;4;28;1915;1;2;1;1.0;2.0;3;TOURS DE SAINT-MARTIN (R;;;;340
201000029921;10;7;19;1155;1;1;1;1.0;2.0;3;GENTILSHOMMES (H16 A L17;M;4328986.0;350716.0;340
201000029923;10;8;6;2330;3;2;1;1.0;3.0;3;SOLDATS (G18 A H19;M;4329037.0;351491.0;340
201000029925;10;8;23;1440;1;2;1;1.0;2.0;3;GENTILSHOMMES (H16 A L17;M;4328956.0;350745.0;340
201000029970;10;3;31;1630;1;2;1;1.0;3.0;336;AGDE (ROUTE D');M;4332001.0;327958.0;340
201000029977;10;4;19;1205;2;2;1;1.0;2.0;32;Av. d'agde;M;4332862.0;324254.0;340
201000030017;10;7;22;750;1;2;6;1.0;3.0;32;NOGUERES HENRI (RD POINT;;;;340
201000030039;10;9;18;1015;1;2;1;1.0;7.0;32;MARTYRS DE LA RESISTANCE;M;4334267.0;323324.0;340
201000030042;10;9;29;1445;2;2;1;1.0;6.0;32;RD 612;M;4334283.0;326184.0;340
201000030117;10;1;6;1500;1;2;2;1.0;3.0;172;FIGAIRASSE (RUE DE LA);M;4360415.0;385828.0;340
201000030122;10;1;11;1515;1;2;2;1.0;3.0;172;GRASSET (AVENUE DU PROFE;M;4362159.0;386866.0;340
201000030131;10;1;18;1700;1;2;2;1.0;6.0;172;FLAHAULT (AVENUE CHARLES;M;4362437.0;386278.0;340
201000030143;10;1;26;1015;1;2;2;1.0;3.0;172;CLEMENCEAU (AVENUE GEORG;M;4360272.0;387096.0;340
201000030211;10;3;9;1830;1;2;3;1.0;1.0;198;2076, PAGNOL (AVENUE MAR;M;4355410.0;396735.0;340
201000030226;10;3;18;1140;1;2;3;1.0;3.0;172;BROUSSONNET (RUE AUGUSTE;M;4361578.0;387238.0;340
201000030242;10;3;27;1700;1;2;2;1.0;3.0;172;0, PRIMEVERES (RUE DES);M;4359784.0;388126.0;340
201000030247;10;3;31;820;1;2;1;1.0;3.0;172;22, HOSPICES (RUE DES);M;4362581.0;386569.0;340
201000030262;10;4;12;1600;1;2;2;1.0;5.0;172;SUBSTANTION (RUE DE);M;4361655.0;388367.0;340
201000030274;10;4;19;1230;1;2;3;1.0;1.0;198;PAGNOL (AVENUE MARCEL);M;4355308.0;396824.0;340
201000030285;10;4;26;1100;1;2;1;1.0;6.0;172;15, VIEUSSENS (BOULEVARD;;;;340
201000030287;10;4;27;845;1;2;1;1.0;3.0;172;Av. du Père Soulas;M;4363067.0;384285.0;340
201000030308;10;5;10;1845;1;2;1;1.0;1.0;172;JUSTICE DE CASTELNAU (AV;M;4362726.0;389160.0;340
201000030312;10;5;13;1120;1;2;3;1.0;6.0;172;934, MARELS (RUE DES);M;4361866.0;392099.0;340
201000030324;10;5;22;1750;1;2;1;1.0;2.0;172;103, FAUBOURG DU COURREA;M;4360835.0;387090.0;340
201000030347;10;6;9;835;1;1;1;8.0;7.0;129;0, BOIRARGUES (AVENUE DE;M;4334785.0;355038.0;340
201000030353;10;6;11;1355;1;2;1;2.0;7.0;172;RHODES (RUE DE);M;4336520.0;353808.0;340
201000030357;10;6;13;1815;1;2;3;8.0;3.0;172;0, NIMES (AVENUE DE);M;4337160.0;353277.0;340
201000030362;10;6;15;1025;1;2;1;2.0;2.0;172;62, ECOLE D'AGRICULTURE-;M;4336922.0;351391.0;340
201000030367;10;6;20;1330;1;2;1;1.0;6.0;172;24, ARAUCARIAS (RUE DES);M;4336931.0;350308.0;340
201000030369;10;6;22;1945;1;2;1;1.0;3.0;172;31, CHASSEURS (RUE DES);M;4336152.0;351355.0;340
201000030372;10;6;23;1530;1;2;2;1.0;3.0;172;BOUSCHET DE BERNARD (PLA;M;4336361.0;352038.0;340
201000030400;10;7;11;2045;1;2;1;1.0;6.0;172;1271, CENTRAYRARGUES (RU;M;4335620.0;353709.0;340
201000030402;10;7;13;1625;1;2;1;1.0;3.0;172;1004, JUSTICE DE CASTELN;M;4337556.0;352932.0;340
201000030403;10;7;15;750;1;2;1;1.0;7.0;172;28, ARCEAUX (BOULEVARD D;M;4336715.0;351825.0;340
201000030424;10;7;22;1730;1;2;1;1.0;3.0;172;170, THERIAQUE (RUE DE L;M;4364805.0;384067.0;340
201000030447;10;8;10;1830;1;2;3;1.0;3.0;129;PEROLS D132 (AVENUE DE);M;4356566.0;391365.0;340
201000030449;10;8;12;915;1;2;1;1.0;1.0;129;BOIRARGUES (AVENUE DE);M;4358389.0;392633.0;340
201000030455;10;8;8;1720;1;2;6;1.0;3.0;172;86, LAVERUNE (ROUTE DE;M;4360172.0;385242.0;340
201000030467;10;8;21;1830;1;2;1;1.0;6.0;172;LOGE (RUE DE LA);M;4361066.0;387649.0;340
201000030476;10;8;29;1825;1;2;6;1.0;3.0;172;0, FIGUEROLLES CROIX DE;M;4360511.0;385034.0;340
201000030496;10;9;7;2030;3;2;1;3.0;5.0;172;LAVERUNE (ROUTE DE;M;4359291.0;382346.0;340
201000030524;10;9;17;1750;1;2;1;1.0;7.0;172;0, JEANBRAU (AVENUE DU P;M;4363496.0;386224.0;340
201000030549;10;9;29;915;1;2;1;7.0;3.0;172;BOUTONNET PIOCH DE;M;4362857.0;387814.0;340
201000030551;10;10;1;2020;5;2;1;1.0;3.0;172;sans, PAVELET (AVENUE DU;M;4358718.0;385864.0;340
201000030552;10;10;2;115;5;2;1;1.0;1.0;172;8 MAI 1945 (PLACE DU);M;4360161.0;386826.0;340
201000030554;10;10;4;2115;5;2;2;1.0;3.0;172;CHAPTAL (RUE);M;4360552.0;387083.0;340
201000030572;10;10;15;1925;4;2;1;1.0;3.0;172;LAVERUNE (ROUTE DE;M;4360114.0;384627.0;340
201000030590;10;10;27;1930;5;2;1;1.0;3.0;172;SOULAS (AVENUE DU PERE;M;4362085.0;385751.0;340
201000030591;10;10;29;830;1;2;1;1.0;7.0;172;GIBERT (PLACE AUGUSTE);M;4360505.0;388058.0;340
201000030612;10;11;5;1620;1;2;1;1.0;6.0;129;1047, VINCI (AVENUE LEON;M;4357339.0;390065.0;340
201000030626;10;11;13;845;1;2;6;1.0;3.0;172;sans, FAJON (ROND-POINT;M;4359596.0;383608.0;340
201000030630;10;11;15;800;1;2;1;2.0;3.0;172;261, PARGUEL (AVENUE ABB;;;;340
201000030632;10;11;15;1235;1;2;2;2.0;3.0;172;FLAHAULT (AVENUE CHARLES;M;4362395.0;386217.0;340
201000030647;10;11;24;1910;5;2;1;1.0;3.0;172;CHASSEURS (RUE DES);M;4360277.0;385529.0;340
201000030657;10;11;27;1725;5;2;1;1.0;3.0;172;81, CARRIEU (RUE MARIUS);M;4361717.0;384263.0;340
201000030671;10;12;7;1650;2;2;3;8.0;3.0;172;PEQUET (RUE HENRI);M;4361006.0;389950.0;340
201000030680;10;12;10;1845;5;2;3;1.0;2.0;172;0, CROIX DE LAVIT (RUE D;M;4363948.0;383944.0;340
201000030691;10;12;16;810;1;2;2;1.0;1.0;172;SOULAS (AVENUE DU PERE;M;4362866.0;384541.0;340
201000030701;10;12;31;1625;1;2;3;1.0;3.0;172;SOULAS (AVENUE DU PERE;M;4362862.0;384534.0;340
201000030723;10;6;23;2330;3;2;1;1.0;1.0;301;AUCUN, PEYRE ETIENNE (RU;;;;340
201000030789;10;1;6;1930;5;2;1;4.0;6.0;238;RUE DU DOCTEUR BADEROT;M;4813070.0;-169006.0;350
201000030802;10;1;19;2000;5;2;2;2.0;3.0;238;POULLAIN DUPARC/LANJUINA;M;4810860.0;-168200.0;350
201000030812;10;1;28;1925;5;2;2;1.0;3.0;238;F.MITTERRAND/SAINT-CYR;M;4811010.0;-168621.0;350
201000030823;10;2;4;1720;1;2;1;1.0;7.0;238;47, ALMA (DE L');;;;350
201000030835;10;2;16;1820;5;2;2;1.0;2.0;238;66, ANTRAIN (D') DE 43 E;;;;350
201000030854;10;3;5;1800;1;2;1;1.0;6.0;238;28, MITTERAND (MAIL FRAN;;;;350
201000030856;10;3;6;1457;1;2;1;1.0;7.0;281;00, CLAUDEL (COURS CAMIL;;;;350
201000030858;10;3;8;1730;1;2;3;1.0;3.0;238;32, CHATILLON (DE);;;;350
201000030863;10;3;9;807;1;2;1;1.0;7.0;238;00, BUTTES DE COESMES (A;;;;350
201000030867;10;3;11;900;1;2;1;1.0;6.0;238;147, POTTIER (EUGENE);;;;350
201000030869;10;3;13;1730;1;2;1;1.0;6.0;238;47, ALMA (DE L');;;;350
201000030875;10;3;16;1110;1;2;1;1.0;6.0;238;00, FEVAL (PAUL);;;;350
201000030897;10;4;9;310;3;2;1;1.0;6.0;238;SQUARE L.ARMAND;M;4810370.0;-166239.0;350
201000030901;10;4;10;650;1;2;2;1.0;7.0;238;CH^TEAUBRIANT/PASTEUR;M;4811020.0;-167414.0;350
201000030908;10;4;19;1600;1;2;5;1.0;3.0;238;SAINT-HÉLIER/LAËNNEC;M;4810570.0;-166601.0;350
201000030927;10;5;6;1210;1;2;1;1.0;3.0;238;21 RUE SÉINT-HÉLIER;M;4810700.0;-167098.0;350
201000030941;10;5;16;1110;1;2;1;1.0;3.0;238;RUE DE L'ALMA;M;4810280.0;-167660.0;350
201000030942;10;5;17;840;1;2;1;1.0;3.0;238;11 RUE VANEAU;M;4810950.0;-169286.0;350
201000030946;10;5;20;1915;1;2;2;1.0;3.0;238;LIBERTÉ/NEMOURS;M;4810740.0;-168037.0;350
201000030948;10;5;21;840;1;2;1;1.0;7.0;238;19 BOULEVARD E.COMBES;M;4809350.0;-166945.0;350
201000030953;10;5;23;1145;1;1;3;1.0;3.0;281;00, RD 177;;;;350
201000030956;10;5;26;1110;1;2;1;1.0;7.0;238;00, NATIONALE;;;;350
201000030957;10;5;26;1445;1;2;1;1.0;6.0;238;RUE DE NEMOURS;M;4810960.0;-168019.0;350
201000030963;10;5;27;1350;1;2;1;1.0;6.0;238;PLACE MAL FOCH;M;4811020.0;-168531.0;350
201000030971;10;6;4;935;1;2;1;1.0;3.0;238;59 RUE CHAMPION DE CICÉ;M;4810160.0;-170854.0;350
201000030975;10;6;10;1010;1;2;1;8.0;3.0;238;8 RUE MAX JACOB;M;4811050.0;-170884.0;350
201000030984;10;6;16;1835;1;2;1;1.0;2.0;238;RUE KLÉBER;M;4811070.0;-167328.0;350
201000030995;10;6;24;815;1;2;6;1.0;3.0;238;A.LERAY/O.LEROUX;M;4809150.0;-166153.0;350
201000030996;10;6;24;925;1;2;3;1.0;3.0;238;ALBERT 1ER/GUYNEMER;M;4809000.0;-168930.0;350
201000031005;10;6;30;1415;1;2;6;1.0;3.0;55;00, LANDES (RUE DES);;;;350
201000031011;10;7;3;1300;1;2;1;1.0;3.0;238;BOULEVARD DE YOUGOSLAVIE;M;4808760.0;-165516.0;350
201000031012;10;7;4;1815;1;2;6;1.0;3.0;238;GAYEULLES/RP GAYEULLES;M;4812770.0;-165209.0;350
201000031015;10;7;7;1635;1;2;2;1.0;3.0;238;G.LEJEAN/A.CARREL;M;4811690.0;-165615.0;350
201000031038;10;7;29;1600;1;2;2;1.0;3.0;238;POLOGNE/VISTULE;M;4808530.0;-165098.0;350
201000031045;10;8;9;1755;1;2;1;1.0;6.0;238;RUE DE LA MABILAIS;M;4810630.0;-169447.0;350
201000031052;10;8;16;1520;1;2;1;1.0;7.0;238;00, ARMORIQUE (BD D');;;;350
201000031054;10;8;19;2035;1;2;3;1.0;2.0;238;CUCILLÉ/ANGENNES;M;4812850.0;-169927.0;350
201000031056;10;8;22;1755;1;2;1;8.0;6.0;238;269 RUE DE CHÂTEAUGIRON;M;4809270.0;-163034.0;350
201000031057;10;8;23;1030;1;2;1;1.0;3.0;238;6 RUE DE L'ANGOUMOIS;M;4811910.0;-171517.0;350
201000031063;10;8;30;1615;1;2;3;1.0;6.0;238;ALMA/GURVAND;M;4810380.0;-167711.0;350
201000031081;10;9;14;1646;1;2;5;1.0;6.0;238;PORTE DES LOGES;M;4809200.0;-162827.0;350
201000031082;10;9;15;800;1;2;3;2.0;3.0;238;LIBERTÉ/MAGENTA;M;4810740.0;-167455.0;350
201000031095;10;9;22;1300;1;2;2;1.0;3.0;238;LANJUINAIS/POULLAIN DUPA;M;4810860.0;-168200.0;350
201000031097;10;9;24;850;1;2;2;8.0;3.0;238;MITTERRAND/BRETAGNE;M;4811010.0;-168621.0;350
201000031110;10;10;1;810;1;2;1;2.0;2.0;238;16 RUE SAINT-HÉLIER;M;4810760.0;-167254.0;350
201000031117;10;10;4;800;5;2;3;3.0;3.0;238;SAINT-GERMAIN/FRANCS BOU;M;4811040.0;-167641.0;350
201000031152;10;11;2;1050;1;2;2;2.0;3.0;238;J.JAURÈS/COËTQUEN;M;4811100.0;-167783.0;350
201000031155;10;11;5;435;5;2;1;1.0;7.0;238;RUE DES LONGS PRÉS;M;4813230.0;-165450.0;350
201000031156;10;11;5;1150;1;2;3;2.0;7.0;238;00, LIBERTE (BD DE LA);;;;350
201000031157;10;11;5;1835;5;2;3;1.0;1.0;238;LAËNNEC/DUPONT DES LOGES;M;4810770.0;-166584.0;350
201000031163;10;11;7;2310;5;2;4;2.0;3.0;238;J.JANVIER/DUHAMEL;M;4810460.0;-167264.0;350
201000031166;10;11;8;1210;1;2;6;1.0;3.0;238;LA FONTAINE/A.CARREL;M;4811860.0;-165552.0;350
201000031168;10;11;8;1950;5;2;3;1.0;3.0;238;A.BURLOUD/METZ;M;4812180.0;-166273.0;350
201000031177;10;11;16;1350;1;2;1;1.0;3.0;238;192 RUE DE SAINT-MALO;M;4812190.0;-168356.0;350
201000031188;10;11;21;210;5;2;1;1.0;2.0;238;;M;4808650.0;-166570.0;350
201000031191;10;11;23;800;5;2;6;1.0;3.0;238;RP GAYEULLES/ROCHESTER;M;4812750.0;-165246.0;350
201000031207;10;12;6;1235;1;2;6;2.0;3.0;281;00, MERMOZ (BOULEVARD JE;;;;350
201000031209;10;12;7;825;2;2;1;1.0;3.0;238;111 BIS RUE DE CHÂTEAUGI;M;4809970.0;-164764.0;350
201000031217;10;12;10;1605;1;2;1;1.0;3.0;238;00, LE GUILLOUX (HENRI);;;;350
201000031218;10;12;9;1605;1;2;1;1.0;3.0;238;2 RUE H. LE GUILLOUX;M;4811740.0;-169402.0;350
201000031233;10;12;17;950;1;2;2;1.0;3.0;238;MARBEUF/SAINT BRIEUC;M;4811200.0;-170237.0;350
201000031238;10;12;20;1210;1;2;1;1.0;6.0;238;28 RUE DE REDON;M;4810550.0;-168963.0;350
201000031254;10;3;2;1545;1;2;1;1.0;3.0;288;VC 28, GOELETRIE (RUE DE;;;;350
201000031261;10;4;18;1627;1;2;1;1.0;7.0;93;SAINT LUNAIRE (RUE DE);;;;350
201000031262;10;4;15;1848;1;2;1;1.0;6.0;93;LANGEVIN ABBE  (RUE);;;;350
201000031269;10;6;7;1815;1;2;3;1.0;3.0;288;0, SUD EST  (QUAI);;;;350
201000031282;10;8;11;450;5;2;1;1.0;7.0;288;000, SCHUMANN (DU PRESID;;;;350
201000031291;10;10;8;1925;1;2;3;1.0;3.0;288;70, MOTTE (RUE DE LA);;;;350
201000031292;10;10;12;1000;1;2;6;1.0;3.0;288;00, CASTELNEAU (RUE GENE;;;;350
201000031294;10;10;20;945;1;2;6;1.0;3.0;288;000, ANCIENS COMBATTANTS;;;;350
201000031305;10;1;12;711;5;2;4;1.0;3.0;44;R 8 MAI 45/R MONTAIGNE;M;4680440.0;169914.0;360
201000031319;10;4;27;810;1;2;1;1.0;2.0;44;148 AVENUE DES MARINS;M;4680900.0;168105.0;360
201000031333;10;7;7;1903;1;2;1;1.0;3.0;44;50 AV MARCEL  LEMOINE;M;4681690.0;169695.0;360
201000031335;10;7;16;1650;1;2;1;1.0;2.0;44;RUE CHAUSSET;M;4680690.0;169611.0;360
201000031357;10;12;14;1900;5;2;3;1.0;1.0;63;CHATEAU D'EAU/ RUETHOREZ;M;4682820.0;171138.0;360
201000031366;10;4;3;1945;1;2;6;1.0;3.0;44;RUE CAZALA/AVE LEMOINE;M;4681260.0;169696.0;360
201000031367;10;4;5;1718;1;2;1;1.0;2.0;202;ROUTE DE CHATELLERAULT;;;;360
201000031380;10;5;17;1755;1;2;1;1.0;3.0;44;32 RUE DE BOURGOGNE;M;4680440.0;168157.0;360
201000031391;10;6;25;1730;1;2;3;1.0;3.0;44;11ALTALLEYRAND/ALVINCENN;M;4680840.0;167141.0;360
201000031395;10;7;12;1855;1;2;6;1.0;3.0;44;RPMONTAIGNE/RUE INGRAINS;M;4679320.0;171132.0;360
201000031407;10;8;4;1415;1;2;1;1.0;3.0;44;148 AV MARCEL LEMOINE;M;4682140.0;169750.0;360
201000031418;10;9;14;1815;1;2;6;1.0;2.0;44;GIRATOIRE MONTAIGNE;M;4679170.0;171204.0;360
201000031420;10;9;23;750;1;2;1;1.0;6.0;44;31 RUE BERNARD NAUDIN;M;4680000.0;169011.0;360
201000031448;10;11;21;1630;1;2;1;1.0;7.0;44;18 ALLEE  DE FRONTENAC;M;4680040.0;171020.0;360
201000031455;10;12;12;1117;1;2;9;2.0;7.0;63;185 ROUTE D'ISSOUDUN;M;4683160.0;171561.0;360
201000031458;10;12;19;2120;5;2;1;1.0;7.0;44;92 RUE DE NOTZ;M;4680160.0;168602.0;360
201000031467;10;1;13;1715;1;2;6;1.0;3.0;261;DASSAULT (AVENUE MARCEL);M;4736350.0;67944.0;370
201000031476;10;7;9;1515;1;2;1;1.0;6.0;261;HEURTELOUP (BOULEVARD);M;4739130.0;69662.0;370
201000031481;10;1;29;1303;1;2;6;1.0;2.0;261;ROTONDE (ROND-POINT DE L;M;4738100.0;70621.0;370
201000031483;10;1;5;1800;2;2;1;1.0;1.0;214;CHARCENAY (RUE DE);M;4740510.0;64620.0;370
201000031494;10;1;29;753;2;2;1;1.0;6.0;261;MARCHANT DU PLESSIS (BOU;M;4738640.0;68039.0;370
201000031528;10;2;8;1751;1;2;1;1.0;3.0;233;12, AUBRIERE (RUE DE L');M;4739600.0;72488.0;370
201000031531;10;2;15;840;1;2;1;2.0;6.0;261;PONT CHER (AVENUE DE);M;4737010.0;67668.0;370
201000031535;10;3;12;850;1;2;1;1.0;2.0;261;WAGNER (BOULEVARD RICHAR;M;4737440.0;70520.0;370
201000031549;10;4;12;1700;1;2;1;1.0;3.0;261;., BEDEL (RUE MAURICE);M;4737720.0;70344.0;370
201000031553;10;3;3;850;1;2;1;1.0;7.0;261;NATIONALE (RUE);M;4739190.0;68804.0;370
201000031566;10;5;21;1240;1;2;1;1.0;3.0;261;ROUGET DE L'ISLE (RUE);;;;370
201000031579;10;2;11;905;1;2;1;1.0;6.0;261;ROUGET DE L'ISLE (RUE);M;4739110.0;68190.0;370
201000031581;10;2;12;611;2;2;1;9.0;6.0;261;TRANCHEE (AVENUE DE LA);M;4740700.0;68140.0;370
201000031594;10;2;3;1808;2;2;1;1.0;6.0;261;HEURTELOUP (BOULEVARD);M;4739130.0;69652.0;370
201000031596;10;2;21;1010;1;1;1;1.0;7.0;261;PONT AUX OIES (RUE DU);M;4737290.0;67094.0;370
201000031606;10;4;27;1700;1;2;2;1.0;3.0;208;CORMERY (RUE DE);M;4735680.0;73150.0;370
201000031611;10;5;26;1348;1;2;1;1.0;2.0;261;SAINT PAUL (PLACE);M;4738040.0;69734.0;370
201000031613;10;2;18;910;1;2;1;1.0;6.0;214;DE GAULLE (BD CHARLES);M;4741370.0;67078.0;370
201000031621;10;6;6;2320;5;2;1;1.0;6.0;261;205, CHEVALLIER (RUE AUG;M;4737650.0;67931.0;370
201000031622;10;6;9;2125;2;2;2;1.0;3.0;261;LECLERC (PLACE DU MARECH;M;4739080.0;69216.0;370
201000031623;10;6;11;415;5;2;2;8.0;3.0;261;RENAULT (RUE DU GAL);M;4737980.0;67985.0;370
201000031628;10;7;13;2315;5;2;1;1.0;1.0;261;1, NOUVEAU CALVAIRE (RUE;M;4740480.0;69544.0;370
201000031636;10;3;23;1345;1;2;2;1.0;6.0;208;BEAUGAILLARD (AVENUE);M;4736450.0;71857.0;370
201000031639;10;3;30;1335;1;2;1;1.0;3.0;261;CHURCHILL (BOULEVARD WIN;M;4737350.0;68503.0;370
201000031641;10;3;31;725;1;2;1;1.0;6.0;261;EIFFEL (AVENUE GUSTAVE);M;4742660.0;69669.0;370
201000031642;10;4;17;1753;1;2;1;1.0;3.0;261;MERIEUX (AVENUE MARCEL);M;4736550.0;67837.0;370
201000031649;10;4;19;1239;1;2;2;1.0;3.0;233;ATELIERS (RUE DES);M;4738740.0;72282.0;370
201000031651;10;4;1;908;1;2;1;1.0;6.0;261;PALISSY (RUE BERNARD);M;4739230.0;69135.0;370
201000031656;10;4;23;1506;1;2;1;1.0;7.0;208;ROMAINS (RUE JULES);M;4735570.0;72493.0;370
201000031660;10;4;28;1700;1;2;1;1.0;6.0;261;NATIONALE (RUE);M;4739470.0;68686.0;370
201000031661;10;4;30;1250;1;2;1;1.0;6.0;261;NATIONALE (RUE);M;4739590.0;68625.0;370
201000031673;10;5;25;1120;1;2;2;1.0;3.0;233;THOREZ (PLACE MAURICE);M;4739280.0;72926.0;370
201000031674;10;5;25;825;1;2;2;1.0;6.0;261;CHOPIN (RUE);M;4741220.0;70276.0;370
201000031676;10;6;3;1930;1;2;1;1.0;2.0;233;103, REPUBLIQUE (AVENUE;M;4738980.0;72375.0;370
201000031677;10;6;5;905;1;2;2;1.0;3.0;261;CHARPENTIER (RUE JULES);M;4739010.0;67876.0;370
201000031691;10;6;14;1710;1;1;2;1.0;3.0;261;GIRAUDEAU (RUE);M;4738610.0;67658.0;370
201000031700;10;7;20;1625;1;2;1;1.0;1.0;261;63, GRAMMONT (AVENUE DE);M;4738470.0;69081.0;370
201000031702;10;8;3;753;1;2;3;1.0;3.0;208;ROMAINS (RUE JULES);M;4735700.0;71762.0;370
201000031712;10;8;18;1507;1;2;1;1.0;7.0;261;LAVOISIER (RUE);M;4739470.0;69412.0;370
201000031717;10;4;17;1730;1;2;1;1.0;7.0;261;AUBERDIERE (RUE DE L');M;4736250.0;68933.0;370
201000031718;10;4;20;1845;1;2;6;1.0;6.0;122;JAURES (BOULEVARD JEAN);M;4734650.0;64751.0;370
201000031722;10;4;27;1650;1;2;1;1.0;3.0;195;73, HAUTES MARCHES (RUE;M;4738420.0;65171.0;370
201000031724;10;4;30;1655;1;2;1;1.0;7.0;261;PAS NOTRE-DAME (RUE DU);M;4742160.0;69735.0;370
201000031725;10;5;5;1145;1;2;1;1.0;7.0;261;JACQUEMIN (RUE JEAN BERN;M;4738510.0;70039.0;370
201000031748;10;6;18;1130;1;2;1;1.0;3.0;261;09, PONT CHER (AVENUE DE;M;4736970.0;67659.0;370
201000031769;10;8;8;2205;5;2;1;1.0;3.0;261;120, GRAMMONT (AVENUE DE;M;4738070.0;69247.0;370
201000031797;10;8;16;1515;1;2;1;1.0;3.0;261;9, GILLES (RUE CHARLES);M;4738840.0;69045.0;370
201000031799;10;8;24;1205;1;2;1;1.0;7.0;261;132, HEURTELOUP (BOULEVA;M;4739400.0;70335.0;370
201000031802;10;9;3;1830;1;2;1;1.0;2.0;261;., TANNEURS (RUE DES);M;4739610.0;68190.0;370
201000031813;10;9;3;740;1;2;2;1.0;3.0;261;COLBERT (RUE);M;4739640.0;69314.0;370