Num_Acc;an;mois;jour;hrmn;lum;agg;int;atm;col;com;adr;gps;lat;long;dep
201000031816;10;8;5;1130;1;2;1;1.0;6.0;261;NATIONALE (RUE);M;4739140.0;68818.0;370
201000031851;10;8;24;1625;1;2;2;1.0;3.0;261;BERANGER (BOULEVARD);M;4738890.0;67930.0;370
201000031853;10;9;5;1530;1;2;1;1.0;3.0;261;DANIEL MAYER;;;;370
201000031879;10;10;13;1630;1;2;1;1.0;3.0;261;12, CURIE (RUE PIERRE ET;M;4742960.0;68060.0;370
201000031902;10;11;2;1555;1;2;3;2.0;3.0;261;., NIESSEL (AVENUE DU GE;M;4736700.0;70031.0;370
201000031918;10;10;9;10;5;2;1;1.0;3.0;261;DESMOULINS (PASSAGE CAMI;M;4738600.0;70158.0;370
201000031952;10;12;6;1151;1;2;1;1.0;6.0;261;61, NATIONALE (RUE);M;4739380.0;68721.0;370
201000031970;10;10;19;1130;1;2;7;1.0;6.0;261;DE LATTRE DE TASSIGNY (B;M;4738330.0;69629.0;370
201000031976;10;10;31;1215;1;1;2;1.0;6.0;122;GUILLOTIERE;;;;370
201000031979;10;12;20;1745;2;2;2;1.0;3.0;233;BALZAC (RUE HONORE DE);;;;370
201000031998;10;12;11;130;5;2;1;1.0;6.0;122;TELLIER (RUE CHARLES);;;;370
201000032007;10;4;30;1526;1;2;6;1.0;3.0;122;., EIFFEL (RUE GUSTAVE);M;4735770.0;64710.0;370
201000032011;10;3;30;1030;1;2;2;1.0;3.0;261;HALLES (RUE DES);M;4739260.0;68072.0;370
201000032018;10;6;22;1652;1;2;1;1.0;3.0;261;HOSPITALITE (RUE DE L');M;4738880.0;67125.0;370
201000032025;10;9;1;1415;1;2;2;1.0;3.0;233;RABATERIE (RUE DE LA);M;4739220.0;72507.0;370
201000032031;10;8;19;655;1;2;6;1.0;3.0;214;PORTILLON (QUAI);M;4739760.0;66737.0;370
201000032035;10;7;16;1035;1;2;2;1.0;3.0;261;PROUDHON (AVENUE);M;4739530.0;67514.0;370
201000032047;10;10;20;1520;1;2;1;1.0;3.0;261;5/7, GARNIER (RUE CHARLE;M;4736770.0;70923.0;370
201000032053;10;11;21;1225;1;2;2;1.0;6.0;261;25, ZOLA (RUE EMILE);;;;370
201000032099;10;1;27;824;1;2;2;1.0;3.0;421;00, AVENUE DE LA COMMUNE;M;4518440.0;576821.0;380
201000032103;10;2;11;1030;1;2;2;4.0;3.0;185;00, RUE DU PONT CARPIN;M;4518600.0;574646.0;380
201000032113;10;3;9;840;1;2;1;1.0;6.0;185;00, PLACE DE LA GARE;M;4519180.0;571511.0;380
201000032117;10;3;17;755;1;2;2;1.0;6.0;185;12, RUE PIERRE SÉMARD;M;4518980.0;571329.0;380
201000032136;10;5;27;1515;1;2;1;1.0;3.0;169;12, RUE DE SORNIN;M;4520520.0;568617.0;380
201000032139;10;6;4;1300;1;2;1;1.0;3.0;185;RUE GÉNÉRAL MANGIN;;;;380
201000032141;10;6;7;900;1;2;3;1.0;3.0;185;R DE BELGRADE R MONTORGE;M;4519140.0;572507.0;380
201000032144;10;6;14;1645;1;2;2;1.0;3.0;185;00, AVENUE JULES VALLÈS;;;;380
201000032145;10;6;11;850;1;2;2;1.0;3.0;421;00, AVENUE DE LA COMMUNE;;;;380
201000032156;10;6;25;1400;1;2;2;1.0;3.0;185;00, RUE BARRAL DE MONTFE;;;;380
201000032161;10;6;29;850;1;2;2;1.0;3.0;185;BVD FOCH - R LANOYERIE;M;4518070.0;571957.0;380
201000032166;10;7;6;2250;5;2;2;1.0;3.0;185;AVE VALLÈS - R BLANCHET;M;4517900.0;575102.0;380
201000032175;10;8;9;1735;1;2;1;1.0;1.0;185;00, AVENUE JEAN PERROT;;;;380
201000032177;10;8;14;910;1;2;3;1.0;3.0;151;AV VAILLANT - AV COURTUR;M;4514910.0;570181.0;380
201000032178;10;8;24;920;1;2;1;1.0;6.0;185;COURS DE LA LIBÉRATION E;;;;380
201000032199;10;10;27;1630;1;2;1;1.0;3.0;185;194, COURS DE LA LIBÉRAT;M;4516360.0;571079.0;380
201000032201;10;10;28;925;1;2;1;1.0;6.0;185;46, BOULEVARD JOSEPH VAL;M;4518010.0;570815.0;380
201000032219;10;12;13;915;1;2;2;1.0;6.0;185;RUE FLANDRIN-AVE PERI;M;4518800.0;574608.0;380
201000032226;10;12;27;1845;5;2;1;2.0;2.0;185;AVE MALHERBE-EGLISE;M;4517040.0;573805.0;380
201000032285;10;7;8;1345;1;2;1;1.0;1.0;411;0, CHAMPAGNOLE (ROUTE DE;;;;390
201000032287;10;9;22;945;1;2;1;1.0;6.0;300;50, MONTENAY (CHEMIN DE);;;;390
201000032303;10;5;10;1805;1;2;1;1.0;6.0;88;MANOIR (BOULEVARD YVES D;;;;400
201000032328;10;4;26;1725;1;2;1;1.0;2.0;192;0, VILLENEUVE (AV DE);;;;400
201000032336;10;6;22;1740;1;2;1;1.0;3.0;192;ROZANOFF(AV DU COL. K.W.;;;;400
201000032360;10;1;24;1905;3;2;1;1.0;2.0;18;D 766;M;4758190.0;130052.0;410
201000032375;10;3;8;1345;1;2;1;1.0;1.0;18;FRANCIADE (RUE);;;;410
201000032376;10;3;12;1056;1;2;3;1.0;3.0;18;BEGON (RUE MICHEL )  SAU;;;;410
201000032393;10;4;27;1509;1;1;1;1.0;3.0;47;LES GRÉBEAUX;;;;410
201000032446;10;8;21;2055;2;2;1;1.0;3.0;18;50, RENARDIERE (RUE DE L;;;;410
201000032484;10;10;23;1833;2;2;1;1.0;7.0;47;6, PONTIERES (RUE DES);;;;410
201000032535;10;2;24;2050;5;2;5;1.0;3.0;226;PARIS (ROUTE DE);M;4780420.0;107108.0;410
201000032539;10;4;9;1400;1;2;2;1.0;7.0;269;., KENNEDY (BOULEVARD DU;;;;410
201000032563;10;11;30;1000;1;2;2;1.0;3.0;269;., CHASSEURS (RUE DU 20E;;;;410
201000032586;10;5;20;1620;1;2;1;1.0;3.0;316;61 rue Roger Salengro;M;4540607.0;425601.0;420
201000032588;10;6;9;1915;1;2;3;1.0;3.0;44;1, ECOLES (RUE DES);M;4539474.0;430203.0;420
201000032618;10;3;30;1615;1;2;3;1.0;2.0;147;1, CARNOT (BOULEVARD);M;4560767.0;406808.0;420
201000032621;10;5;10;1340;1;1;6;1.0;2.0;299;R.D.204;M;4560105.0;409333.0;420
201000032644;10;5;22;1650;1;2;1;1.0;1.0;225;116, DUREZE ROUTE DE LA;M;4552187.0;459140.0;420
201000032653;10;11;13;1530;1;2;1;1.0;3.0;186;16, JUIN AVENUE DU MAREC;M;4553314.0;463019.0;420
201000032656;10;1;12;1745;5;2;1;1.0;3.0;187;20, VOLTAIRE (RUE);M;4603462.0;407361.0;420
201000032659;10;1;18;750;1;2;1;1.0;3.0;127;29, GLYCINES (RUE DES);M;4608482.0;406869.0;420
201000032663;10;1;13;1830;5;1;6;1.0;3.0;187;1, NOELAS (Rue);M;4603865.0;406838.0;420
201000032681;10;3;16;835;1;2;5;1.0;3.0;187;20, VIES VIEILLES (RUE D;M;4603693.0;407718.0;420
201000032694;10;4;24;1910;1;2;2;1.0;3.0;184;FOCH MARECHAL (RUE);M;4603980.0;405212.0;420
201000032702;10;4;28;1150;1;2;6;1.0;3.0;184;20, MICHEL LOUISE  (RUE);M;4604920.0;405199.0;420
201000032708;10;5;7;1215;1;2;1;1.0;2.0;127;DE GAULLE (AVENUE CHARLE;M;4608087.0;406676.0;420
201000032725;10;6;7;1650;1;2;2;1.0;3.0;187;20, FONTENILLE (RUE);M;4604065.0;407531.0;420
201000032727;10;6;12;1535;1;2;6;1.0;3.0;187;20, PROMENADES POPULLE(P;M;4603604.0;406393.0;420
201000032746;10;7;21;1735;1;2;1;1.0;6.0;127;MUSSET  RD 207 (AVENUE A;M;4606428.0;405534.0;420
201000032748;10;8;1;1215;1;2;1;1.0;3.0;187;75, MATEL (RUE DE );M;4605329.0;409300.0;420
201000032750;10;8;5;2245;5;2;2;1.0;3.0;184;GAULLE CHARLES DE (AVENU;M;4605427.0;406419.0;420
201000032766;10;9;20;845;1;2;6;1.0;3.0;187;LYON (AVENUE DE);M;4603357.0;407806.0;420
201000032776;10;10;8;1745;1;2;6;1.0;2.0;187;FERRY (BOULEVARD JULES );M;4603202.0;406827.0;420
201000032777;10;10;14;755;1;2;3;1.0;3.0;71;11, LECLERC (QUAI DU GEN;M;;;420
201000032778;10;10;14;815;1;2;1;1.0;6.0;71;5, CARNOT (RUE);M;4603110.0;408535.0;420
201000032796;10;11;11;1445;1;2;1;1.0;3.0;127;BRIENNON (RT DE);M;4607972.0;407315.0;420
201000032798;10;11;13;1605;1;2;3;1.0;3.0;187;20, DESROCHE (RUE HENRI);M;4603173.0;404824.0;420
201000032823;10;12;29;800;1;2;3;1.0;3.0;187;5, BEAUSEJOUR (AVENUE DE;M;4606441.0;407867.0;420
201000032855;10;1;21;1840;5;2;2;1.0;3.0;218;ALLARD MARCELLIN;M;4543659.0;439260.0;420
201000032884;10;2;25;1450;1;2;1;1.0;3.0;218;1, VIAL JEAN HIPPOLYTE (;M;4543575.0;443802.0;420
201000032888;10;3;3;1220;1;2;1;1.0;3.0;305;22, CHAZOTTE;M;4547332.0;444015.0;420
201000032903;10;3;18;1617;1;2;1;1.0;6.0;218;MALON BENOIT;M;4544361.0;438145.0;420
201000032905;10;3;30;922;1;2;1;2.0;6.0;218;37, BEAUBRUN;M;4547084.0;436354.0;420
201000032927;10;4;23;1729;1;2;3;1.0;3.0;218;FRANCHET D'ESPEREY M. A;M;4544116.0;437416.0;420
201000032936;10;4;29;1720;1;2;1;1.0;2.0;218;07, MERLIN DOCTEUR FERNA;M;4546316.0;440688.0;420
201000032953;10;5;24;1120;1;1;2;1.0;3.0;218;Départementale;M;4541620.0;430066.0;420
201000032963;10;6;1;2038;1;2;1;1.0;3.0;218;67, ROUGET DE L'ISLE A P;M;4544641.0;438656.0;420
201000032965;10;6;3;1815;1;2;3;1.0;3.0;218;69, POMPIDOU GEORGES (BO;M;4546558.0;441134.0;420
201000032973;10;6;12;846;1;2;2;1.0;3.0;189;GRUNER;M;4543964.0;432924.0;420
201000032982;10;6;24;1650;1;2;3;1.0;3.0;218;FRAISSINETTE ALEXANDRE (;M;4541903.0;441148.0;420
201000032991;10;7;6;750;1;2;1;1.0;3.0;218;AMPERE;;;;420
201000033003;10;7;29;1540;1;2;1;1.0;1.0;218;ignore, DUNKERQUE (DE) A;M;4541563.0;440655.0;420
201000033065;10;11;2;2337;5;2;1;1.0;1.0;218;01, CHATELIER (LE);M;4541318.0;439045.0;420
201000033083;10;11;19;1332;1;2;3;1.0;3.0;218;MIMARD ETIENNE A PARTIR;M;4543956.0;439786.0;420
201000033130;10;5;22;1800;1;2;1;1.0;1.0;2;28, JALAVOUX (CHEMIN de);;;;430
201000033167;10;2;23;1750;1;2;6;1.0;3.0;132;1, BECQUEREL (AVENUE DES;;;;440
201000033172;10;3;29;120;3;2;1;1.0;7.0;55;MÉSORÉ ( CHEMIN DE );;;;440
201000033182;10;4;27;1115;1;2;1;1.0;3.0;55;1, ANDRÉ ( ESPLANADE FRA;;;;440
201000033202;10;6;29;1055;1;2;1;1.0;6.0;55;ANDRÉ ( ESPLANADE FRANÇO;;;;440
201000033203;10;7;3;1127;1;2;3;1.0;3.0;55;DARLU ( BOULEVARD );;;;440
201000033206;10;7;7;1810;1;2;1;1.0;3.0;55;98, OCÉAN ( BOULEVARD DE;;;;440
201000033223;10;8;11;1030;1;2;1;1.0;3.0;135;03, LABÉGO ( BOULEVARD D;;;;440
201000033226;10;8;20;944;1;2;1;1.0;2.0;55;35, OCÉAN ( BOULEVARD DE;;;;440
201000033230;10;8;31;1550;1;2;1;1.0;3.0;55;32, ANDRÉ ( ESPLANADE FR;;;;440
201000033233;10;9;11;1200;1;2;1;1.0;6.0;55;BENOIT ( ESPLANADE );;;;440
201000033235;10;9;12;1120;1;2;6;1.0;3.0;55;CLOS COLIN ( ROND-POINT;;;;440
201000033239;10;9;16;1600;1;2;1;1.0;3.0;135;LLANTWIT-MAJOR ( AVENUE;;;;440
201000033240;10;9;17;815;1;2;1;1.0;2.0;132;95, SAINT SEBASTIEN (AVE;;;;440
201000033258;10;12;22;1150;1;2;6;1.0;3.0;55;NS, CHEVREL ( BOULEVARD;;;;440
201000033260;10;1;4;2140;5;2;1;1.0;6.0;109;00, ROUTE DE LA JONELIER;;;;440
201000033268;10;1;18;1215;1;2;6;1.0;3.0;109;RUE DANTON;;;;440
201000033294;10;2;1;1610;1;2;6;1.0;3.0;162;1, AVENUE DES THEBAUDIER;;;;440
201000033315;10;2;26;450;5;2;6;1.0;3.0;109;., ROND-POINT DES COMBAT;;;;440
201000033333;10;3;3;2035;2;2;1;9.0;6.0;162;-, BOULEVARD DE LA BAULE;;;;440
201000033339;10;3;15;1805;1;2;1;1.0;6.0;190;RUE JEAN MERMOZ;;;;440
201000033366;10;4;7;1400;1;2;1;1.0;6.0;109;15, RUE DE BEL AIR;;;;440
201000033392;10;5;1;1120;1;2;1;1.0;3.0;109;RUE PAUL BELLAMY;;;;440
201000033407;10;5;11;1617;1;2;1;1.0;6.0;190;17, RUE DU DOUET;;;;440
201000033418;10;5;23;2000;1;2;6;1.0;3.0;109;., RUE DE LA BOURGEONNIE;;;;440
201000033430;10;6;1;1740;1;2;6;1.0;3.0;190;1, RUE DES DEPORTES;;;;440
201000033435;10;6;6;1825;1;2;1;1.0;1.0;114;ROUTE DE VANNES;;;;440
201000033442;10;6;15;1730;1;2;3;1.0;3.0;109;36, BOULEVARD DE LA PRAI;;;;440
201000033445;10;6;21;910;1;2;1;1.0;3.0;109;19 bis, RUE LA NOUE BRAS;;;;440
201000033454;10;6;24;1815;1;2;6;1.0;2.0;109;1bis, PLACE CANCLAUX;;;;440
201000033457;10;6;21;1742;1;2;1;1.0;6.0;162;45, AVENUE DE LA JONCQUI;;;;440
201000033459;10;6;29;1025;1;2;2;1.0;6.0;109;Néant, COURS DES 50 OTAG;;;;440
201000033468;10;7;13;530;2;2;1;1.0;3.0;109;RUE DE LA MARTINIERE;;;;440
201000033487;10;7;28;1150;1;2;6;1.0;3.0;109;., RUE PAUL BELLAMY;;;;440
201000033508;10;8;21;530;5;2;1;1.0;3.0;109;8, CURIE ( BD JOLIOT );;;;440
201000033509;10;8;29;1400;1;2;6;1.0;3.0;109;., BOULEVARD DU MASSACRE;;;;440
201000033513;10;8;24;750;1;2;6;7.0;3.0;190;RUE DE LA COMMUNE DE 187;;;;440
201000033518;10;8;31;900;1;2;2;1.0;6.0;109;BOULEVARD DES BELGES;;;;440
201000033524;10;9;2;920;1;2;1;1.0;2.0;190;17, RUE DES CEVENNES;;;;440
201000033529;10;9;8;1940;1;2;1;1.0;3.0;114;RUE DU TAILLIS;;;;440
201000033534;10;9;16;1840;1;2;6;1.0;3.0;109;., ROND-POINT DES COMBAT;;;;440
201000033547;10;9;24;922;1;2;1;1.0;3.0;109;BOULEVARD GUY MOLLET;;;;440
201000033548;10;9;22;808;1;2;6;1.0;3.0;109;RUE DE LA BOURGEONNIERE;;;;440
201000033561;10;10;11;1910;1;2;1;1.0;6.0;109;BOULEVARD ERNEST DALBY;;;;440
201000033572;10;9;23;850;1;2;1;1.0;7.0;143;76, JAURES (RUE JEAN);;;;440
201000033573;10;10;16;1500;1;2;1;1.0;7.0;109;., RUE LOUIS MARIN;;;;440
201000033576;10;10;16;1535;1;2;1;1.0;3.0;162;BOULEVARD DU MASSACRE;;;;440
201000033585;10;10;20;1810;1;2;2;1.0;3.0;109;., AVENUE DES CHALATRES;;;;440
201000033591;10;10;25;1045;1;2;1;9.0;6.0;114;AVENUE FELIX VINCENT;;;;440
201000033595;10;11;8;1805;2;2;1;1.0;6.0;109;25, RUE DU COUDRAY;;;;440
201000033608;10;11;25;1820;5;2;1;1.0;6.0;109;5, RUE LAMORICIERE;;;;440
201000033626;10;12;9;810;1;2;6;1.0;3.0;109;00, RUE DE RIEUX;;;;440
201000033628;10;12;9;1525;1;2;1;1.0;3.0;162;7, AVENUE DE L'ANGEVINIE;;;;440
201000033639;10;12;17;700;5;2;1;1.0;2.0;109;BOULEVARD GENERAL DE GAU;;;;440
201000033670;10;3;23;1730;1;2;3;1.0;3.0;184;MERMOZ (BOULEVARD JEAN);;;;440
201000033674;10;4;19;1645;1;2;1;1.0;3.0;184;38, GÂTÉ (RUE DU CDT) DU;;;;440
201000033684;10;5;14;1430;1;2;1;1.0;3.0;184;MOZART (RUE WOLFGANG AMA;;;;440
201000033688;10;5;26;1230;1;2;1;1.0;6.0;184;45, FRÉCHETS (ROUTE DES);;;;440
201000033701;10;7;16;1655;1;2;3;1.0;3.0;184;LEFERME (BOULEVARD PAUL);;;;440
201000033707;10;8;16;1840;1;2;6;1.0;3.0;184;SARRELOUIS (BOULEVARD DE;;;;440
201000033708;10;9;2;940;1;2;6;7.0;2.0;184;COUSTEAU (AVENUE DU CDT);;;;440
201000033709;10;9;2;1720;1;2;3;1.0;3.0;184;, TOUTES AIDES (RUE DE);;;;440
201000033717;10;9;18;1750;1;2;1;1.0;6.0;184;APPRENTIS (BOULEVARD DES;;;;440
201000033723;10;9;29;1025;1;2;6;1.0;3.0;184;BRANCIEUX (CHEMIN DE);;;;440
201000033725;10;9;30;1810;1;2;1;8.0;3.0;184;GUTENBERG (RUE JEAN);;;;440
201000033728;10;10;14;1940;2;2;1;1.0;3.0;184;34, GUTENBERG (RUE JEAN);;;;440
201000033731;10;10;26;1555;1;2;1;1.0;6.0;184;WILSON (BOULEVARD DU PRÉ;;;;440
201000033739;10;11;22;1025;1;2;1;1.0;6.0;184;FRATERNITÉ (BOULEVARD DE;;;;440
201000033742;10;11;24;1830;5;2;1;1.0;3.0;184;COUBERTIN (AVENUE PIERRE;;;;440
201000033751;10;12;29;1015;1;2;3;2.0;3.0;184;COSTEBELLE (ROUTE DE);;;;440
201000033764;10;3;16;910;1;2;1;1.0;3.0;338;IMP.F.LUM - HT LOXAM;M;4797388.0;271897.0;450
201000033779;10;4;26;1205;1;2;6;1.0;3.0;4;AV ANTIBES/R EUROPE;M;4797391.0;273339.0;450
201000033791;10;5;31;1750;1;2;1;1.0;3.0;208;20 RUE GRAND CLOS;M;4800031.0;273925.0;450
201000033813;10;9;10;1630;1;2;2;1.0;1.0;208;BD CHINCHON/R GAMBETTA;M;4799535.0;273066.0;450
201000033826;10;10;13;750;5;2;2;1.0;3.0;338;R COURTIL CABOT/ETANG CO;M;4798229.0;270596.0;450
201000033853;10;1;21;705;3;2;1;5.0;3.0;285;PAVARD (RUE HENRI);M;4789952.0;187293.0;450
201000033854;10;1;21;1227;1;2;1;1.0;3.0;234;26 RUE JEANNE D'ARC;M;4790148.0;190552.0;450
201000033891;10;3;29;1825;1;2;1;1.0;3.0;234;RUE EDOUARD BRANLY;;;;450
201000033912;10;5;10;1115;1;2;1;1.0;3.0;234;30 RUE ROYALE;M;4789930.0;190412.0;450
201000033918;10;5;25;1400;1;2;1;1.0;3.0;234;131 RUE ARGONNE;M;4791432.0;192973.0;450
201000033922;10;6;2;2015;1;2;6;1.0;3.0;75;R CAHOTUS/R MONTAUT;M;4789212.0;183403.0;450
201000033937;10;6;28;832;1;2;1;1.0;3.0;234;16 BIS RUE DES MURLINS;M;4790895.0;189940.0;450
201000033938;10;6;28;1820;1;2;1;1.0;3.0;286;20 RTE DE SANDILLON;M;4788759.0;192629.0;450
201000033943;10;7;5;1225;1;2;2;1.0;3.0;234;R VAUQUOIS/GUSTAVE VAPPE;M;4790221.0;188934.0;450
201000033946;10;7;8;2255;1;2;1;1.0;1.0;234;78 QUAI DU CHATELET;M;4789789.0;190616.0;450
201000033965;10;8;24;2000;2;2;2;1.0;3.0;234;R M.DUBOIS/PONSON TERRAI;M;4792247.0;189378.0;450
201000033967;10;8;27;900;1;2;3;1.0;3.0;147;R JOIE/RUE VICTOR HUGO;M;4792119.0;190560.0;450
201000033979;10;9;11;1540;1;2;1;1.0;3.0;234;153 RUE DES MURLINS;M;4791849.0;189347.0;450
201000033984;10;9;16;1800;1;2;1;1.0;3.0;285;AV PIERRE MENDES FRANCE;;;;450
201000033989;10;9;24;1500;1;2;1;1.0;3.0;147;42 AV ANDRE DESSAUX;M;4793431.0;189625.0;450
201000034003;10;10;8;1625;1;2;1;1.0;3.0;285;90 RUE LEON FOUCAULT;M;4791245.0;186498.0;450
201000034006;10;10;11;1950;1;2;1;1.0;6.0;147;19 RUE GABRIEL PERI;M;4793192.0;190999.0;450
201000034015;10;10;25;1755;2;2;2;1.0;3.0;284;AV PAIX/R MOTTE LUGUET;M;4791417.0;196425.0;450
201000034016;10;10;26;752;1;2;2;1.0;3.0;234;R BLOSSIERES/CHARLES PER;M;4792085.0;189662.0;450
201000034017;10;10;26;913;1;2;3;1.0;3.0;234;AV MARNE/R REIMS;M;4791603.0;193097.0;450
201000034031;10;11;17;1220;1;2;1;1.0;2.0;75;2 RUE DU PLACEAU;M;4789282.0;182579.0;450
201000034035;10;11;25;1551;1;2;2;2.0;3.0;234;RTE OLIVET/R GREFFIER;M;4788490.0;190449.0;450
201000034099;10;7;16;1305;1;2;1;1.0;3.0;32;360, CASTILLOU(Route de);;;;470
201000034106;10;8;24;2010;1;2;3;1.0;3.0;1;B LIBERTE/R HOCHE;M;4419750.0;62038.0;470
201000034109;10;9;1;1620;1;2;1;1.0;3.0;201;1, POLOGNE(AV DE);M;4419830.0;59578.0;470
201000034119;10;11;24;1735;1;2;3;1.0;3.0;31;1, PORTACOMARO (RUE DE);M;0.0;0.0;470
201000034137;10;6;17;820;1;2;1;1.0;3.0;323;4, CROCHEPIERRE (RUE AND;M;0.0;0.0;470
201000034154;10;12;19;2100;4;2;2;1.0;3.0;323;14, FRATERNITE(RUE DE LA;;;;470
201000034161;10;9;13;1610;1;2;1;1.0;7.0;95;7, FONTANILLES (RUE DE);M;4452132.0;351525.0;480
201000034164;10;1;4;1300;1;2;2;1.0;3.0;7;0, GUICHARD;M;4745900.0;-54716.0;490
201000034168;10;1;9;1550;1;2;1;1.0;7.0;7;0, BAUMETTE PROMENADE;M;4745410.0;-57724.0;490
201000034178;10;1;13;1920;5;2;2;1.0;1.0;7;0, CARNOT;M;4747450.0;-54680.0;490
201000034182;10;1;19;755;5;2;2;1.0;7.0;7;0, CONTADES AVENUE;M;4746360.0;-55395.0;490
201000034183;10;1;21;1340;1;2;6;1.0;3.0;267;0, CHAMPFLEUR;M;4747690.0;-50710.0;490
201000034193;10;2;3;1921;5;2;1;1.0;7.0;7;106, SAINT JACQUES;M;4747380.0;-57570.0;490
201000034199;10;2;9;1048;1;2;1;1.0;7.0;7;24, ANJOU;M;4746570.0;-55608.0;490
201000034227;10;3;12;1804;1;2;4;1.0;2.0;7;0, PORT;M;4746600.0;-54359.0;490
201000034228;10;3;13;124;4;2;2;1.0;6.0;7;0, CARNOT;M;4747460.0;-54690.0;490
201000034230;10;3;15;737;1;2;1;1.0;7.0;7;0, COUBERTIN BOULEVARD;M;4746330.0;-53208.0;490
201000034234;10;3;18;753;1;2;1;1.0;7.0;246;0, GALLIENI AVENUE;M;4743480.0;-52476.0;490
201000034246;10;3;23;1040;1;2;1;1.0;7.0;246;17, HUGO VICTOR RUE;M;4743220.0;-52890.0;490
201000034252;10;3;26;1645;1;2;1;1.0;2.0;7;19, SAINT LEONARD;M;4746470.0;-54099.0;490
201000034275;10;4;20;1922;1;2;1;1.0;7.0;246;65, GLARDIERE CHEMIN;M;4744450.0;-51666.0;490
201000034277;10;4;21;1655;1;2;1;1.0;7.0;246;0, SAINTE GEMMES ROUTE;M;4743080.0;-53868.0;490
201000034282;10;4;26;1515;1;2;1;1.0;7.0;7;19, DAVIERS BOULEVARD;M;4747930.0;-56092.0;490
201000034283;10;4;28;930;1;2;2;1.0;1.0;7;0, VILLESICARD RUE ET SQ;M;4745170.0;-53581.0;490
201000034287;10;4;28;1754;1;2;1;1.0;1.0;7;37, PLANTAGENET;M;4747240.0;-55454.0;490
201000034298;10;5;6;1844;2;2;6;1.0;3.0;7;0, PARMENTIER;M;4745340.0;-52590.0;490
201000034305;10;5;15;1215;1;2;1;1.0;7.0;7;29, BARCLAY RUE ET SQUAR;M;4746030.0;-61081.0;490
201000034310;10;5;20;1600;1;2;1;1.0;7.0;7;0, BASSE CHAINE PONT;M;4747050.0;-56352.0;490
201000034312;10;5;22;1447;1;2;1;1.0;7.0;7;0, MONPLAISIR BOULEVARD;M;4748930.0;-51980.0;490
201000034314;10;5;21;800;1;2;7;1.0;2.0;7;0, FREPPEL;M;4747050.0;-55557.0;490
201000034315;10;5;21;1500;1;2;1;1.0;7.0;7;13, CHAMPS VERTS;M;4745490.0;-55243.0;490
201000034332;10;6;10;1823;1;2;2;1.0;3.0;7;0, ARAGON AVENUE;M;4747190.0;-56701.0;490
201000034337;10;6;11;1620;1;2;3;1.0;3.0;7;0, JOFFRE BOULEVARD;M;4747230.0;-54625.0;490
201000034339;10;6;14;1450;1;2;6;2.0;3.0;267;0, MARMITIERE;M;4747260.0;-49337.0;490
201000034340;10;6;14;1750;1;2;1;1.0;7.0;7;139, PATTON AVENUE;M;4747330.0;-59550.0;490
201000034349;10;6;21;1400;1;2;1;1.0;7.0;7;0, TABARLY QUAI;M;4746980.0;-56626.0;490
201000034352;10;6;22;1754;1;2;6;1.0;3.0;7;0, GEOFFRAY;M;4745820.0;-54476.0;490
201000034356;10;6;25;822;1;2;3;1.0;1.0;7;0, VIVIERS;M;4745170.0;-53581.0;490
201000034357;10;6;29;1400;1;2;1;1.0;7.0;7;0, PETITES MUSSES;M;4745360.0;-57233.0;490
201000034359;10;6;29;1525;1;2;1;1.0;3.0;7;0, SAUMUROISE IMPASSE ET;M;4745720.0;-53247.0;490
201000034368;10;7;5;1927;1;2;3;1.0;7.0;7;4, FRANCK;M;4746370.0;-53817.0;490
201000034384;10;7;19;1555;1;2;1;1.0;7.0;7;53, MEIGNANNE;M;4748150.0;-57486.0;490
201000034393;10;7;30;1530;1;2;2;1.0;3.0;15;0, RD 122;M;4749990.0;-62168.0;490
201000034395;10;8;2;1954;1;2;2;1.0;3.0;353;0, JEAN JAURES RUE;M;4744370.0;-49832.0;490
201000034401;10;8;9;1829;1;2;1;1.0;3.0;7;30, JAURES;M;4745790.0;-52274.0;490
201000034402;10;8;10;1400;1;2;1;8.0;3.0;7;SANGNIER;M;4744800.0;-56699.0;490
201000034404;10;8;13;1907;2;2;1;1.0;6.0;7;MAJOR ALLARD;M;4747680.0;-54080.0;490
201000034407;10;8;20;835;1;2;6;1.0;2.0;246;TROIS PAROISSES CHEMIN;M;4744120.0;-54112.0;490
201000034411;10;8;29;923;1;2;1;1.0;6.0;7;111 BIS, GASNIER AVENUE;M;4748780.0;-57378.0;490