Num_Acc;an;mois;jour;hrmn;lum;agg;int;atm;col;com;adr;gps;lat;long;dep
201000034415;10;8;30;1440;1;2;2;1.0;3.0;7;0, BEAUSSIER BOULEVARD;M;4747310.0;-59981.0;490
201000034420;10;9;2;910;1;2;2;1.0;3.0;7;0, VILLESICARD RUE ET SQ;M;4745170.0;-53581.0;490
201000034421;10;9;2;1643;1;2;2;1.0;3.0;7;0, BRISSAC;M;4746190.0;-54844.0;490
201000034424;10;8;28;1317;1;2;1;1.0;7.0;7;38, BLAVIER;M;4747500.0;-53418.0;490
201000034428;10;8;30;750;1;2;2;1.0;3.0;7;0, BEDIER BOULEVARD;M;4745300.0;-53872.0;490
201000034432;10;9;7;1644;1;2;1;1.0;7.0;7;34, ROI RENE BOULEVARD;M;4746780.0;-55655.0;490
201000034438;10;9;10;1600;1;2;2;1.0;1.0;7;0, FLEURS;M;4748120.0;-54303.0;490
201000034441;10;9;11;856;1;2;2;1.0;1.0;7;0, ESTIENNE D'ORVES BOUL;M;4745470.0;-53322.0;490
201000034450;10;9;16;1730;1;2;6;1.0;3.0;7;0, LEROY PLACE;M;4746490.0;-54905.0;490
201000034452;10;9;19;1800;1;2;2;1.0;3.0;7;0, CARNOT;M;4747450.0;-54680.0;490
201000034455;10;9;18;1240;1;2;1;1.0;7.0;7;0, CARNOT;M;4747430.0;-54636.0;490
201000034462;10;9;20;811;1;2;3;1.0;1.0;7;0, POUZET;M;4746390.0;-53059.0;490
201000034467;10;9;24;1000;1;2;1;1.0;7.0;7;0, MONTESQUIEU PASSAGE;M;4747290.0;-58347.0;490
201000034469;10;9;24;1700;1;2;1;1.0;1.0;7;0, BLANCHOIN BOULEVARD;M;4744540.0;-54608.0;490
201000034474;10;9;27;1103;1;2;1;1.0;5.0;353;172, VEST;M;4744270.0;-48166.0;490
201000034477;10;9;29;903;1;2;1;1.0;6.0;7;0, CUSSONEAU;M;4747030.0;-53143.0;490
201000034483;10;10;1;930;1;2;6;1.0;3.0;7;0, RABELAIS;M;4745820.0;-54476.0;490
201000034487;10;10;3;53;5;2;1;1.0;7.0;7;0, PLANTAGENET;M;4747170.0;-55397.0;490
201000034493;10;10;4;1545;1;2;1;8.0;7.0;246;1, PASTEUR;M;4741970.0;-52353.0;490
201000034494;10;10;5;715;5;2;1;2.0;7.0;246;0, BRIAND;M;4743400.0;-52269.0;490
201000034499;10;10;5;1745;1;2;3;2.0;3.0;7;0, LANDE;M;4747670.0;-59793.0;490
201000034511;10;10;9;1200;1;2;2;1.0;3.0;7;0, BOREAU;M;4747620.0;-54508.0;490
201000034512;10;10;10;1720;1;2;1;1.0;7.0;7;0, SAINT LEONARD;M;4746130.0;-53103.0;490
201000034513;10;10;11;1520;1;2;1;1.0;7.0;7;0, PLACE FRANÇOIS MITTER;M;4747670.0;-55038.0;490
201000034514;10;10;11;1720;1;2;2;1.0;3.0;7;0, CLEMENCEAU BOULEVARD;M;4747630.0;-56645.0;490
201000034515;10;10;11;1705;1;2;1;1.0;7.0;7;0, PATTON AVENUE;M;4747340.0;-59018.0;490
201000034517;10;10;12;1821;1;2;1;1.0;5.0;7;0, BON PASTEUR BOULEVARD;M;4747200.0;-57488.0;490
201000034527;10;10;20;745;2;2;4;1.0;3.0;7;0, MILLOT BOULEVARD JACQ;M;4745510.0;-53407.0;490
201000034529;10;10;21;803;2;2;1;1.0;3.0;7;0, SALENGRO;M;4745270.0;-55955.0;490
201000034538;10;10;28;1611;1;2;1;1.0;7.0;7;0, GRESILLE SQUARE;M;4746040.0;-59826.0;490
201000034542;10;11;1;1533;1;2;3;1.0;3.0;7;7, DEMOISELLERIE;M;4748860.0;-53369.0;490
201000034544;10;11;4;805;2;2;3;2.0;3.0;7;0, HAMELIN IMPASSE ET RU;M;4747510.0;-58723.0;490
201000034547;10;11;5;1915;5;2;1;1.0;3.0;7;24, BIRGE BOULEVARD;M;4747730.0;-52064.0;490
201000034559;10;11;9;757;2;2;2;1.0;1.0;7;0, MAIL;M;4747300.0;-55001.0;490
201000034575;10;11;18;2130;5;2;4;1.0;3.0;7;0, BESSONEAU;M;4747140.0;-54697.0;490
201000034576;10;11;18;1722;1;2;7;1.0;7.0;7;LEROY PLACE;M;4746490.0;-54875.0;490
201000034584;10;11;25;841;1;2;1;8.0;7.0;7;0, LETANDUERE;M;4745760.0;-55411.0;490
201000034599;10;12;3;758;2;2;2;1.0;3.0;7;0, JOACHIM DU BELLAY;M;4746680.0;-54278.0;490
201000034606;10;12;7;1720;5;2;1;3.0;7.0;7;37, ROI RENE BOULEVARD;M;4746760.0;-55610.0;490
201000034614;10;12;9;850;1;2;1;1.0;7.0;7;0, BON PASTEUR BOULEVARD;M;4747050.0;-56631.0;490
201000034625;10;12;17;950;1;2;1;1.0;7.0;7;0, GRAND MONTREJEAU;M;4746920.0;-52543.0;490
201000034633;10;12;29;1809;5;2;6;2.0;7.0;267;0, ANGERS ROUTE;M;4747030.0;-51581.0;490
201000034658;10;5;5;1614;1;2;1;1.0;3.0;99;JUIN (BOULEVARD DU MAREC;M;4704410.0;-88939.0;490
201000034669;10;6;28;825;1;2;3;2.0;3.0;99;44, BALZAC (RUE HONORE D;M;4704840.0;-88109.0;490
201000034672;10;7;14;2009;1;2;6;1.0;3.0;99;RD 20;M;4705090.0;-85097.0;490
201000034720;10;3;13;1140;1;2;3;1.0;3.0;328;CARNOT (QUAI);M;4726380.0;-8104.0;490
201000034734;10;5;14;1725;1;2;1;1.0;7.0;328;38, PORTAIL LOUIS (RUE D;M;4725860.0;-7887.0;490
201000034738;10;5;19;1630;1;2;2;1.0;3.0;328;SANS, KLEBER (PLACE);M;4726300.0;-7958.0;490
201000034741;10;6;3;1800;1;2;1;1.0;3.0;328;SANS, DEMOISELLES (BOULE;M;4727740.0;-6272.0;490
201000034745;10;6;17;750;1;2;4;2.0;3.0;328;SANS, DOLMEN (RUE DU);M;4724310.0;-9433.0;490
201000034746;10;6;20;1620;1;2;1;1.0;7.0;328;SANS, PETIT MAIL (RUE DU;M;4725640.0;-7761.0;490
201000034752;10;7;6;2350;3;2;1;1.0;7.0;328;SANS, MARAICHERS (AVENUE;M;4727400.0;-7069.0;490
201000034759;10;7;22;2005;1;2;1;1.0;7.0;328;20, PONT GALIMARD (RUE D;M;4728340.0;-14170.0;490
201000034763;10;8;30;1355;1;2;9;1.0;7.0;328;SANS, CARNOT (QUAI);M;4726260.0;-7897.0;490
201000034769;10;9;17;735;2;2;6;1.0;2.0;328;DELESSERT (BOULEVARD BEN;M;4726030.0;-8901.0;490
201000034771;10;9;21;1120;1;2;6;1.0;2.0;328;SCHWEITZER (RUE DU DOCTE;M;4724690.0;-7715.0;490
201000034772;10;9;21;1700;1;1;1;1.0;3.0;328;ANGERS (ROUTE D') D 952;M;4728810.0;-10278.0;490
201000034773;10;9;21;1800;1;2;1;1.0;7.0;328;FACE AU 71, SAINT LOUIS;M;4725670.0;-8491.0;490
201000034785;10;11;22;1130;1;2;1;1.0;6.0;328;PORTAIL LOUIS (RUE DU);M;4725860.0;-7878.0;490
201000034791;10;12;9;845;2;2;1;9.0;7.0;328;SANS, DE LATTRE DE TASSI;M;4726140.0;-8964.0;490
201000034833;10;3;18;1950;2;2;1;1.0;2.0;129;QUAI DE L' ENTREPOT;M;4963710.0;-161969.0;500
201000034841;10;4;3;120;3;2;1;1.0;3.0;129;BOULEVARD MENDES FRANCE;M;4963470.0;-162583.0;500
201000034856;10;5;12;1926;1;2;2;1.0;3.0;129;R ABBAYE/A LEV MANGOLD;M;4964500.0;-163556.0;500
201000034864;10;5;27;1400;1;2;2;1.0;3.0;602;R G.LECLERC/BRETONNIERE;M;4963920.0;-160551.0;500
201000034892;10;6;28;745;1;2;2;7.0;1.0;129;BRETONNIERE/ VL DE SAIR;M;4963930.0;-160542.0;500
201000034893;10;6;30;1315;1;1;1;1.0;7.0;602;ROUTE DES COUPLETS;M;4965070.0;-155362.0;500
201000034908;10;7;29;515;3;2;1;1.0;7.0;129;PLACE JACQUES DEMY;M;4963310.0;-161358.0;500
201000034953;10;10;15;950;1;2;1;1.0;6.0;602;BOULEVARD DES FLAMANDS;M;4965010.0;-158567.0;500
201000034985;10;12;12;1145;1;2;2;1.0;1.0;129;VAL DE SAIRE/BRETONNIERE;M;4963920.0;-160548.0;500
201000034999;10;7;28;1350;1;2;3;1.0;3.0;147;R. REPUBLIQUE/R DU PARC;M;4905750.0;-143045.0;500
201000035023;10;8;18;1440;1;2;1;1.0;7.0;165;;M;4885220.0;-156211.0;500
201000035043;10;6;30;1320;1;2;6;1.0;3.0;502;AVENUE DES HETRES;M;4911190.0;-106982.0;500
201000035060;10;11;17;1525;1;2;2;1.0;3.0;502;PLACE DU MAJOR HOWIE;M;4911550.0;-108308.0;500
201000035078;10;8;20;1345;1;2;3;1.0;3.0;108;1 rue CLAMART;;;;510
201000035121;10;2;25;835;1;2;6;2.0;3.0;172;VOIE VERTE/PL L'EGALITE;M;4921640.0;405112.0;510
201000035125;10;3;9;1815;2;2;1;1.0;3.0;454;11 bd du général leclerc;;;;510
201000035129;10;3;19;755;1;2;6;1.0;3.0;573;ROUTE DE CHAMPIGNY;;;;510
201000035143;10;5;16;1830;1;2;1;1.0;6.0;454;PLACE D'ERLON;;;;510
201000035194;10;9;30;1620;1;2;6;1.0;3.0;454;chemin de VRILLY;;;;510
201000035201;10;10;10;2;5;2;1;1.0;3.0;172;18 rue aristide BRIAND;;;;510
201000035202;10;10;15;730;5;2;1;1.0;3.0;454;BOULEVARD HENRI VASNIER;;;;510
201000035209;10;10;25;750;2;2;1;1.0;1.0;454;91 rue de NEUFCHATEL;;;;510
201000035218;10;11;22;1800;3;1;1;2.0;2.0;55;route de bétheny;;;;510
201000035234;10;4;22;1530;1;2;2;1.0;2.0;121;0, ROBESPIERRE (RUE);M;4810280.0;513478.0;520
201000035262;10;6;5;825;1;2;6;1.0;3.0;448;42, GAULLE (PLACE DU GEN;M;4863660.0;495570.0;520
201000035265;10;6;9;1035;1;2;1;1.0;6.0;448;1, HUGO (AVENUE VICTOR);M;4863870.0;495980.0;520
201000035291;10;4;13;1800;1;2;1;1.0;2.0;130;SANS, BRETAGNE ( RUE DE;;;;530
201000035292;10;5;10;840;1;2;3;2.0;6.0;130;SANS, PARIS ( RUE DE );;;;530
201000035300;10;10;8;1850;1;2;1;1.0;3.0;130;91, COUBERTIN ( AVENUE P;;;;530
201000035324;10;4;28;2100;1;2;3;1.0;3.0;159;25, CHAMPS FLEURY (RUE D;;;;540
201000035334;10;7;22;2045;2;2;1;1.0;3.0;323;1, RAYMOND POINCARE (AVE;;;;540
201000035342;10;1;28;1700;2;2;3;1.0;3.0;329;0, AVENUE DU GENERAL DE;;;;540
201000035358;10;1;5;830;1;2;3;1.0;3.0;395;CHARLES V (BOULEVARD);;;;540
201000035379;10;1;28;2130;5;2;1;2.0;3.0;395;1, HAUT-BOURGEOIS (RUE D;;;;540
201000035470;10;4;9;759;1;2;1;1.0;6.0;395;1, ALEXANDRE 1ER  (PLACE;;;;540
201000035482;10;4;22;1600;1;2;1;1.0;3.0;304;37, GROSJEAN (RUE EDOUAR;;;;540
201000035485;10;4;23;1830;1;2;4;1.0;6.0;578;1, MULLER (AVENUE PAUL);;;;540
201000035492;10;4;28;1640;1;2;1;1.0;6.0;395;0, MARTEL (RUE CHARLES);;;;540
201000035493;10;4;29;1000;1;1;1;1.0;6.0;547;1, MIRECOURT (ROUTE DE);;;;540
201000035494;10;4;29;1640;1;2;1;1.0;6.0;547;1, ARC (AVENUE JEANNE D';;;;540
201000035515;10;5;18;1315;1;2;1;1.0;3.0;304;AIGUILLETTES  (BD 16 A 2;;;;540
201000035516;10;5;18;1915;1;2;3;1.0;3.0;547;LECLERC (AV. DU GENERAL;;;;540
201000035527;10;5;28;1815;1;2;1;1.0;2.0;395;VOSGES (PLACE DES);;;;540
201000035531;10;6;1;605;1;2;1;1.0;3.0;395;159, STRASBOURG (AVENUE;;;;540
201000035535;10;6;6;1820;1;2;2;1.0;6.0;395;1, SAINT JEAN (RUE);;;;540
201000035542;10;6;13;1255;1;2;1;1.0;2.0;395;78, FOCH (AVENUE 18 ET 9;;;;540
201000035557;10;6;24;1300;1;2;3;1.0;6.0;482;50, ALEXANDRE 1ER (RUE);;;;540
201000035564;10;7;3;1556;1;2;3;1.0;6.0;547;298, LECLERC (AVENUE DU;M;4866972.0;616990.0;540
201000035582;10;7;24;1620;1;2;1;1.0;1.0;578;151, VALONNIERE (BOULEVA;;;;540
201000035594;10;8;5;945;1;2;1;1.0;6.0;395;22, SAINT JEAN (RUE);;;;540
201000035601;10;8;12;825;1;2;1;1.0;6.0;395;0, CRISTALLERIES (RUE DE;;;;540
201000035608;10;8;20;1550;1;2;1;1.0;2.0;395;1, MOULIN (BOULEVARD JEA;;;;540
201000035642;10;9;9;625;5;2;7;1.0;3.0;395;0, ARMEE PATTON (RUE DE;;;;540
201000035653;10;9;16;750;1;2;2;1.0;3.0;395;1, FABRIQUES (RUE DES);;;;540
201000035655;10;9;18;1310;1;2;1;1.0;6.0;395;136, COLLINE (RUE DE LA);;;;540
201000035659;10;9;20;750;1;2;2;1.0;6.0;395;66, ARC (RUE JEANNE D' N;;;;540
201000035669;10;9;23;1830;1;2;1;1.0;6.0;395;1, MON DESERT (RUE);;;;540
201000035681;10;10;4;1845;1;2;1;1.0;3.0;547;1, EUROPE (BOULEVARD DE;;;;540
201000035692;10;10;10;1620;1;2;2;7.0;3.0;265;19, CHAVIGNY (RUE DE);;;;540
201000035717;10;10;19;745;2;2;1;2.0;3.0;395;215, BOUFFLERS (AV. DE 7;;;;540
201000035726;10;10;28;1129;1;2;1;9.0;3.0;395;02, QUATRE EGLISES (RUE;;;;540
201000035771;10;12;6;750;1;2;2;4.0;3.0;395;1, GAMBETTA (RUE);;;;540
201000035791;10;7;11;1900;1;2;3;1.0;3.0;332;26, GÉNÉRAL DE GAULLE (;;;;540
201000035794;10;12;8;745;3;1;1;3.0;3.0;431;1, RD 657 CHAMPEY;;;;540
201000035806;10;4;24;1400;1;1;1;1.0;6.0;528;RD960;M;4864970.0;587004.0;540
201000035809;10;6;11;2100;1;2;2;1.0;3.0;528;JUDEE;;;;540
201000035815;10;9;23;1740;1;2;1;1.0;3.0;174;MARECHAL JOFFRE (AVENUE);M;4866970.0;586588.0;540
201000035816;10;9;26;1515;1;2;3;2.0;3.0;528;FRANCOIS BADOT;;;;540
201000035818;10;10;21;1130;1;2;4;1.0;3.0;528;ALBERT DENIS;;;;540
201000035830;10;10;18;615;5;2;1;1.0;3.0;580;32, VALLES JULES (RUE);;;;540
201000035850;10;5;28;1105;1;2;1;1.0;3.0;29;13, VERDUN ( RUE DE );M;4877178.0;517056.0;550
201000035857;10;10;3;1045;1;1;3;1.0;3.0;29;RD 635;M;4876049.0;514287.0;550
201000035863;10;10;14;1745;1;2;1;1.0;3.0;186;LIBERATION ( AVENUE DE L;M;4879789.0;512278.0;550
201000035875;10;7;6;1205;1;2;6;1.0;3.0;545;place des Onze Sièges;M;4915799.0;539548.0;550
201000035882;10;11;9;820;2;2;6;2.0;3.0;545;PIERRE DEMATHIEU;;;;550
201000035912;10;2;6;1635;1;2;1;1.0;7.0;83;., HOPITAL ( RD-POINT DE;M;4780442.0;-327330.0;560
201000035926;10;3;3;1310;1;2;1;1.0;7.0;162;., 152 (ROUTE DEPARTEMEN;M;4770984.0;-343761.0;560
201000035930;10;3;7;1330;1;2;1;1.0;7.0;98;., SEMBAT ( ET IMP. MARC;M;4776225.0;-334504.0;560
201000035936;10;3;17;825;1;2;1;1.0;3.0;121;., BOLLARDIERE (RUE  GEN;M;4775265.0;-339123.0;560
201000035953;10;4;6;758;1;2;6;1.0;3.0;121;., DE GAULLE ( AVE DU GE;M;4774128.0;-337290.0;560
201000035967;10;5;6;1210;1;2;3;1.0;3.0;98;., BILLOUX ( AV. FRANCOI;M;4776468.0;-335117.0;560
201000035969;10;5;7;846;1;2;1;1.0;6.0;98;128, JAURES (RUE  JEAN );M;4776778.0;-335440.0;560
201000035979;10;5;28;1250;1;2;7;1.0;3.0;121;., PIAF (RUE  EDITH );M;4775801.0;-338985.0;560
201000035981;10;5;30;1113;1;1;2;1.0;3.0;162;., ROUTE DEPARTEMENTALE;;;;560
201000035990;10;6;4;1153;1;2;1;1.0;7.0;98;., MAURIAC (RUE  FRANCOI;M;4776526.0;-334845.0;560
201000036018;10;7;18;845;1;2;1;1.0;7.0;121;24, KERGUILLETTE (RUE  D;M;4776388.0;-339455.0;560
201000036019;10;7;18;1212;1;2;1;1.0;3.0;107;., ROUTE DEPARTEMENTALE;;;;560
201000036026;10;7;27;1852;1;2;1;1.0;7.0;162;3, PASCAL (RUE BLAISE);M;4773384.0;-343666.0;560
201000036032;10;8;9;620;5;2;6;1.0;3.0;98;., NERUDA (AVENUE  PABLO;M;4776601.0;-332902.0;560
201000036043;10;8;26;1752;1;1;4;2.0;3.0;107;ROUTE DEPARTEMENTALE 29;;;;560
201000036047;10;8;31;1524;1;2;1;1.0;7.0;121;., LOTE (RUE  RENE );M;4777171.0;-340381.0;560
201000036049;10;9;1;1120;1;2;2;1.0;3.0;121;., DUNANT (RUE  HENRI );M;4775079.0;-337600.0;560
201000036054;10;9;3;816;1;2;1;1.0;7.0;121;., BOLLARDIERE (RUE  GEN;M;4775583.0;-339142.0;560
201000036064;10;9;10;1809;1;2;1;1.0;7.0;121;2, HELIAS (RUE  PER JAKE;M;4773588.0;-338050.0;560
201000036094;10;10;10;1102;1;2;1;1.0;6.0;98;66, KESLER-DEVILLERS ( A;M;4776808.0;-334284.0;560
201000036098;10;10;12;1355;1;2;1;1.0;6.0;121;117, BLUM ( BD LEON );M;4774570.0;-338068.0;560
201000036099;10;10;12;1735;1;2;2;1.0;3.0;121;., VERNE (RUE  JULES );M;4774645.0;-337361.0;560
201000036133;10;11;10;1250;1;2;2;1.0;7.0;98;., CACHIN (RUE  MARCEL );M;4776201.0;-335582.0;560
201000036134;10;11;12;1824;1;2;2;2.0;3.0;121;., GUIOL ( PL. MARIUS );M;4775290.0;-337741.0;560
201000036148;10;12;2;1335;1;2;6;1.0;3.0;121;., KERGUESTENEN (RUE  DE;M;4774837.0;-339607.0;560
201000036155;10;12;11;1228;1;2;1;1.0;3.0;121;., FRANCE ( AVE ANATOLE;M;4774613.0;-336700.0;560
201000036157;10;12;15;1218;1;2;1;1.0;7.0;83;27, CARADEC (IMP  JEAN-M;M;4780746.0;-328332.0;560
201000036169;10;12;24;1804;5;2;6;1.0;6.0;83;., GARDELOUPE ( R-P DE L;M;4780004.0;-328774.0;560
201000036193;10;4;18;1130;1;2;3;1.0;2.0;260;SAINTE-ANNE(RUE);M;4765928.0;-277274.0;560
201000036197;10;6;6;750;1;2;1;1.0;6.0;260;., MICHELIN(AVENUE EDOUA;M;4765962.0;-271517.0;560
201000036199;10;5;19;1805;1;2;3;1.0;2.0;260;., MARNE(AVENUE DE LA) L;M;4765999.0;-278691.0;560
201000036203;10;7;8;1745;1;2;6;1.0;3.0;260;., MONNET(AVENUE JEAN);M;4766286.0;-276223.0;560
201000036206;10;7;24;1455;1;2;1;1.0;3.0;260;., JUIN(AVENUE DU MARECH;M;4763884.0;-276705.0;560
201000036244;10;4;25;1810;1;2;1;1.0;3.0;260;., LE DRESSAY(RUE FERDIN;M;4765354.0;-275736.0;560
201000036246;10;5;17;1200;1;2;6;1.0;3.0;260;., POMPIDOU(GIRATOIRE);M;4766614.0;-277064.0;560
201000036254;10;7;30;2225;5;2;3;1.0;3.0;260;., PASTEUR(RUE);M;4765508.0;-276452.0;560
201000036257;10;9;15;1540;1;2;1;1.0;3.0;260;., LE BARTZ(RUE GUILLAUM;M;4764679.0;-277897.0;560
201000036260;10;10;7;1640;1;2;6;1.0;6.0;260;, MONSABERT(BOULEVARD DU;M;4765977.0;-278110.0;560
201000036292;10;5;22;1925;1;2;1;1.0;3.0;19;2, MONTAUBAN (RUE);;;;570
201000036333;10;3;2;1340;1;2;1;1.0;3.0;463;93, LORRY (ROUTE DE );;;;570
201000036344;10;4;21;1800;1;2;1;1.0;2.0;463;25, FOCH (AVENUE );;;;570
201000036346;10;4;23;1615;1;2;1;1.0;3.0;463;16, XX EME CORPS AMERICA;;;;570
201000036348;10;4;24;2135;5;2;2;1.0;1.0;463;, MANGIN (RUE );;;;570
201000036351;10;4;28;1715;1;2;2;1.0;6.0;463;00, GABRIEL PIERNE (RUE;;;;570
201000036360;10;6;2;1645;1;2;4;1.0;2.0;463;00, FAUBOURG (RUE DU );;;;570
201000036370;10;6;30;1420;1;2;3;1.0;3.0;616;00, GENERAL DIOU (RUE DU;;;;570
201000036386;10;8;9;840;1;2;1;1.0;3.0;480;44, PONT A MOUSSON (RUE;;;;570
201000036392;10;9;2;715;1;2;4;1.0;3.0;463;00, ANDRE MAGINOT (BOULE;;;;570
201000036403;10;10;7;1610;1;2;2;1.0;3.0;463;00, JOFFRE  (AVENUE );;;;570
201000036438;10;10;6;1535;1;2;2;1.0;3.0;630;LEBRUN (QUAI);;;;570
201000036474;10;3;12;1525;1;2;3;1.0;3.0;221;137, JARDINS (RUE DES);;;;570
201000036490;10;4;16;1710;1;2;1;1.0;3.0;672;3, ROME (COUR DE);;;;570
201000036533;10;7;11;905;1;2;6;1.0;2.0;672;1, CHAPELIN (RUE DU);;;;570
201000036536;10;7;27;1250;1;1;1;1.0;2.0;672;0, SAINT-MICHEL (MONTEE;;;;570
201000036539;10;8;11;830;1;2;1;1.0;3.0;672;42, PAUL ALBERT (RUE) -;;;;570
201000036544;10;8;25;2305;5;2;1;1.0;3.0;306;0, LEYRANGE  (RUE DE);;;;570
201000036545;10;8;26;1423;1;1;1;1.0;1.0;441;RD1 Route de MONDORFF;;;;570
201000036549;10;9;12;1255;1;1;1;1.0;3.0;441;MONDORFF (ROUTE DE);;;;570
201000036551;10;9;23;1610;1;2;1;8.0;1.0;672;ARLON (ROUTE D');;;;570
201000036559;10;10;9;1810;1;2;1;1.0;3.0;757;45, ROOSEVELT (RUE DU PR;;;;570
201000036566;10;10;17;1330;1;2;1;1.0;7.0;221;UCKANGE (RUE D');;;;570
201000036598;10;12;23;1515;1;2;1;1.0;6.0;672;60, LONGWY (ROUTE DE);;;;570
201000036607;10;6;13;1200;1;2;1;1.0;7.0;194;sans, PISSEROTTE (BOULEV;;;;580
201000036608;10;7;19;1355;1;2;1;1.0;7.0;194;SAINT SEBASTIEN;;;;580
201000036625;10;2;26;1710;1;2;1;1.0;7.0;194;54, CHAUVELLES;;;;580
201000036647;10;5;31;2025;1;2;1;1.0;3.0;194;JEROME TRESAGUET;;;;580
201000036655;10;8;26;835;1;2;6;1.0;6.0;194;sans, PIERRE DE COUBERTI;;;;580
201000036667;10;10;7;1610;1;2;1;1.0;1.0;194;66, SABLONS;;;;580
201000036672;10;10;29;950;1;2;1;1.0;3.0;194;7, SAINT EXUPERY (BOULEV;;;;580
201000036677;10;11;16;1820;2;2;1;1.0;1.0;194;CAMILLE BAYNAC;;;;580
201000036697;10;7;5;1500;1;2;1;1.0;3.0;8;106, DELESTRAINT (RUE DU;;;;590
201000036708;10;3;7;1140;1;1;1;1.0;2.0;143;, NATIONALE (ROUTE)IWEZ;;;;590
201000036714;10;5;22;1945;1;2;3;1.0;1.0;17;CITE (RUE DE LA );;;;590
201000036715;10;6;4;1045;1;1;1;1.0;1.0;143;ST JACQUES;;;;590
201000036719;10;6;24;1905;1;2;3;1.0;3.0;317;67, BRUNE  (RUE);;;;590
201000036729;10;9;6;1230;1;2;1;1.0;3.0;17;01, DEPORTES (RUE DES);;;;590
201000036740;10;11;1;1000;1;2;1;1.0;7.0;143;MARLE (RUE DE LA );;;;590
201000036744;10;10;19;1315;1;2;1;1.0;2.0;317;85, HUGO  (RUE VICTOR);;;;590
201000036751;10;11;30;1840;5;2;1;1.0;6.0;17;82, FERRY (RUE JULES);;;;590
201000036775;10;4;15;1205;1;2;2;1.0;3.0;122;QUESNOY (AVENUE DU);;;;590
201000036779;10;8;11;2018;1;2;3;1.0;3.0;122;ARTOIS (RUE DU COMTE D');;;;590
201000036784;10;2;6;1500;1;2;1;1.0;3.0;253;262, ZOLA (RUE EMILE );;;;590
201000036813;10;1;6;1205;1;2;6;1.0;3.0;178;BETHUNE (RUE DE);;;;590
201000036827;10;3;6;2140;3;1;1;1.0;2.0;211;RD 425;;;;590
201000036837;10;5;22;1520;1;2;1;1.0;6.0;178;SAINT JACQUES (RUE);;;;590
201000036866;10;3;21;1130;1;2;1;1.0;6.0;183;., REDOUTE DU MARAIS - P;;;;590
201000036877;10;4;13;1720;1;2;3;1.0;3.0;155;., BERGUES CD 916 - ROUT;;;;590
201000036879;10;4;13;1340;1;2;1;1.0;2.0;155;0000, WALDECK ROUSSEAU;;;;590
201000036880;10;4;19;1300;1;1;1;1.0;3.0;588;UXEM CD 2 - ROUTE;;;;590
201000036897;10;6;15;1630;1;2;9;1.0;6.0;271;., DUBEDOUT HUBERT - AVE;;;;590
201000036904;10;6;27;1735;1;2;9;1.0;6.0;183;., BRASSEURS - PONT;;;;590
201000036914;10;7;18;1805;1;2;1;1.0;1.0;183;., MILITAIRE;;;;590
201000036918;10;8;4;1115;1;2;9;1.0;6.0;183;., FLEURS - QUAI;;;;590
201000036926;10;8;22;1330;1;2;2;1.0;3.0;183;., ROSENDAEL - AVENUE;;;;590
201000036936;10;10;11;1755;1;2;3;7.0;3.0;271;., FRANCE ANATOLE;;;;590
201000036937;10;10;13;730;2;2;9;1.0;6.0;271;., DUNANT HENRI - VOIE;;;;590
201000036939;10;10;18;1915;5;2;3;1.0;1.0;183;., DUMOND ALFRED;;;;590
201000036944;10;10;11;1215;1;2;9;1.0;6.0;183;CHANTIERS DE FRANCE;;;;590
201000036984;10;11;11;1915;3;1;1;6.0;2.0;359;RD 601;;;;590
201000037003;10;1;6;1900;5;2;1;1.0;6.0;350;77, MARAIS DE LOMME RUE;;;;590
201000037017;10;1;21;2115;5;2;1;8.0;6.0;350;21, TURENNE RUE;;;;590
201000037021;10;1;22;1800;5;2;1;8.0;3.0;507;34, FOCH RUE DU MARECHAL;;;;590
201000037030;10;1;19;1900;5;2;1;1.0;3.0;386;1, ABBAYE RUE DU PONT DE;;;;590
201000037050;10;2;11;1145;1;2;2;1.0;6.0;9;001, CHERCHEURS RUE DES;;;;590
201000037056;10;2;18;1715;1;2;1;1.0;3.0;378;DE GAULLE PLACE DE GENER;;;;590
201000037063;10;2;24;1815;5;2;1;1.0;3.0;9;OUEST BOULEVARD DE L;;;;590
201000037068;10;3;1;1905;5;2;1;1.0;3.0;350;ARRAS RUE D;;;;590
201000037099;10;3;24;1650;1;2;1;1.0;2.0;386;TOUQUET RUE DU;;;;590
201000037117;10;4;3;840;2;2;2;2.0;6.0;527;00, CORNEILLE RUE;;;;590
201000037128;10;4;14;905;1;2;1;1.0;3.0;350;JOUHAUX LEON PONT;;;;590