Num_Acc;an;mois;jour;hrmn;lum;agg;int;atm;col;com;adr;gps;lat;long;dep
201000037142;10;4;23;1720;1;2;2;1.0;6.0;350;00, HUGO VICTOR RUE;;;;590
201000037146;10;4;25;2115;5;2;1;1.0;6.0;350;NATIONALE RUE N°2 A 178B;;;;590
201000037152;10;4;29;1745;1;2;1;1.0;6.0;350;36, DORMOY MARX AVENUE;;;;590
201000037155;10;5;1;1445;1;2;3;1.0;3.0;410;11, SCHUMAN ROBERT AVENU;;;;590
201000037156;10;5;2;1715;1;2;3;1.0;6.0;350;FAUBOURG D'ARRAS RUE;;;;590
201000037167;10;5;10;1920;1;2;1;1.0;1.0;378;551, REPUBLIQUE AV DE LA;;;;590
201000037169;10;5;12;1210;1;2;3;1.0;6.0;350;00, MARGUERITOIS CHEMIN;;;;590
201000037180;10;5;21;2030;1;2;6;1.0;3.0;9;SAINT GHISLAIN ROND POIN;;;;590
201000037185;10;5;27;1415;1;2;1;1.0;6.0;378;QUESNE RUE DU;;;;590
201000037191;10;5;28;1620;1;2;1;1.0;3.0;350;CARREL ARMAND RUE;;;;590
201000037196;10;6;1;740;1;2;2;1.0;3.0;350;76, DANEL LEONARD RUE;;;;590
201000037198;10;6;2;5;5;2;1;2.0;6.0;350;10, LEBLANC NICOLAS RUE;;;;590
201000037226;10;6;14;2040;1;2;3;1.0;3.0;368;27, SALENGRO ROGER RUE;;;;590
201000037251;10;6;23;1215;1;2;1;1.0;6.0;350;10, DOUAI RUE;;;;590
201000037273;10;7;7;1840;1;2;1;1.0;3.0;9;OUEST BOULEVARD DE L;;;;590
201000037275;10;7;8;1715;1;1;1;1.0;6.0;368;16, DE GAULLE RUE DU GEN;;;;590
201000037282;10;6;22;2015;1;2;2;1.0;6.0;386;75, LECLERCQ RUE DU GENE;;;;590
201000037295;10;7;23;710;1;2;1;1.0;2.0;560;001, HENTGES JOSEPH BOUL;;;;590
201000037300;10;7;27;1210;1;2;2;1.0;3.0;527;PASTEUR RUE;;;;590
201000037301;10;7;13;800;1;2;1;1.0;6.0;360;48, DUPONT GEORGES AVENU;;;;590
201000037306;10;8;3;1645;1;2;1;1.0;6.0;9;005, JAURES JEAN RUE;;;;590
201000037310;10;8;4;1405;1;2;2;1.0;3.0;328;HIPPODROME AV DE L N°134;;;;590
201000037321;10;8;15;2235;5;2;1;1.0;3.0;350;168, WAZEMMES RUE DE N°5;;;;590
201000037337;10;8;29;1725;1;2;1;1.0;6.0;350;SOLFERINO RUE N°208AFIN-;;;;590
201000037342;10;9;1;1800;1;2;1;1.0;3.0;386;124, PASTEUR RUE;;;;590
201000037357;10;9;10;900;1;2;2;1.0;3.0;343;FAIDHERBE RUE;;;;590
201000037359;10;9;10;1820;1;2;1;1.0;6.0;350;00, URBANISTES RUE;;;;590
201000037374;10;9;16;1630;1;2;1;1.0;6.0;368;291, DE GAULLE RUE DU GE;;;;590
201000037381;10;9;21;1120;1;2;2;1.0;3.0;350;186, NATIONALE RUE N°RES;;;;590
201000037384;10;9;23;1645;1;2;1;1.0;2.0;378;17, CLEMENCEAU BLVD (N°1;;;;590
201000037387;10;9;28;1610;1;2;1;1.0;3.0;350;25 TER, LEBAS JEAN BAPTI;;;;590
201000037398;10;10;4;1815;1;2;1;1.0;1.0;220;KLEBER RUE;;;;590
201000037412;10;10;12;1025;1;2;1;1.0;3.0;328;26, B.N.P (DELECAUX RUE;;;;590
201000037417;10;10;8;1705;1;2;1;1.0;3.0;566;CALMETTE, RUE DU Dr;;;;590
201000037442;10;10;20;1515;1;2;4;1.0;6.0;350;DOUAI RUE;;;;590
201000037443;10;10;20;1620;1;2;1;1.0;3.0;286;POTIE AUGUSTE RUE;;;;590
201000037444;10;10;20;1810;1;2;2;1.0;6.0;350;FBG DE DOUAI N°1-81;;;;590
201000037450;10;10;23;1810;2;2;2;1.0;3.0;350;13, ALSACE BOULEVARD D;;;;590
201000037454;10;10;25;730;2;2;2;2.0;6.0;507;ST VENANT CHARLES RUE;;;;590
201000037469;10;11;3;1355;1;2;1;1.0;6.0;350;56, ESPLANADE FACADE;;;;590
201000037487;10;11;9;1020;1;2;2;2.0;6.0;410;00, ZOLA EMILE AVENUE;;;;590
201000037494;10;11;10;1930;5;2;1;2.0;3.0;350;224, PARIS RUE;;;;590
201000037515;10;11;22;750;1;2;1;1.0;6.0;350;112, LIBERTE BVD N°2 A 9;;;;590
201000037521;10;11;27;10;5;2;2;8.0;6.0;350;LEFEVRE GEORGES RUE;;;;590
201000037549;10;12;22;1530;1;2;2;5.0;6.0;350;94, HUGO VICTOR  BVD N°2;;;;590
201000037561;10;2;6;2010;3;1;1;1.0;6.0;392;LIAISON MAUBEUGE HAUTMON;;;;590
201000037564;10;4;14;1610;1;2;3;1.0;3.0;543;AULNOYE (RUE D');;;;590
201000037566;10;5;28;820;1;2;1;1.0;3.0;291;USINES (RUE DES);;;;590
201000037571;10;8;24;735;1;2;1;1.0;1.0;225;5, Lanieres (RUE DES);;;;590
201000037637;10;3;4;1340;1;1;3;1.0;1.0;512;MOTTE (RUE PIERRE);;;;590
201000037648;10;3;10;1630;1;1;3;1.0;6.0;332;REMY (RUE DES TROIS FRER;;;;590
201000037651;10;3;22;810;1;1;1;1.0;3.0;512;GAMBETTA ( BOULEVARD);;;;590
201000037654;10;4;5;1630;1;1;2;1.0;3.0;512;MICHELET (RUE JULES);;;;590
201000037656;10;3;31;1230;1;1;1;1.0;6.0;339;LECLERC (RUE DU MARECHAL;;;;590
201000037660;10;4;6;1700;1;1;6;1.0;3.0;646;JAURES (RUE JEAN);;;;590
201000037668;10;4;20;1755;1;1;3;1.0;3.0;512;NATIONS UNIES (AVENUE DE;;;;590
201000037671;10;4;21;1145;1;2;1;1.0;6.0;512;JAURES (AVENUE JEAN);;;;590
201000037673;10;5;3;1355;1;2;3;2.0;6.0;512;BASSE MASURE (RUE DE LA);;;;590
201000037676;10;5;4;2005;4;2;1;1.0;2.0;646;FLANDRE (AVENUE DE);;;;590
201000037703;10;5;17;1530;1;2;2;1.0;3.0;650;TOUL (RUE DE);;;;590
201000037716;10;5;29;1025;1;2;1;1.0;2.0;163;BARBUSSE (RUE HENRI);;;;590
201000037729;10;5;23;1950;1;1;1;1.0;3.0;512;VERDUN (AVENUE DE);;;;590
201000037736;10;6;9;1350;1;2;1;1.0;3.0;646;GRAND COTTIGNIES (AVENUE;;;;590
201000037750;10;6;22;1755;1;2;3;1.0;3.0;646;BETHUNE (RUE CLEMENT);;;;590
201000037754;10;6;26;1400;1;2;1;1.0;3.0;299;PARE (RUE AMBROISE);;;;590
201000037757;10;6;28;1230;1;2;3;1.0;3.0;512;ESPACE GRAND RUE;;;;590
201000037760;10;6;26;1820;1;2;1;1.0;1.0;512;BRAME (ALLEE JULES);;;;590
201000037773;10;5;22;1520;1;2;3;1.0;3.0;512;SAULES(ALLEE DES);;;;590
201000037776;10;6;16;1155;1;2;3;1.0;6.0;339;FERRY (RUE JULES);;;;590
201000037781;10;7;15;1355;1;2;2;1.0;3.0;512;NATIONS UNIES (AVENUE DE;;;;590
201000037783;10;7;19;1915;1;2;1;1.0;6.0;163;DE GAULLE (AVENUE DU GEN;;;;590
201000037791;10;6;2;1700;1;2;1;1.0;2.0;650;LION (PARC DU);;;;590
201000037792;10;8;13;115;5;2;1;2.0;2.0;646;LILLE (RUE DE);;;;590
201000037797;10;8;10;1720;1;2;2;2.0;1.0;512;BELFORT (BOULEVARD DE);;;;590
201000037822;10;9;10;1320;1;2;2;1.0;1.0;512;FRANCE (RUE DE);;;;590
201000037843;10;9;28;1745;1;2;2;2.0;1.0;650;BASANOS (RUE DES);;;;590
201000037852;10;10;10;2015;5;2;1;1.0;3.0;512;LACORDAIRE;;;;590
201000037859;10;9;20;1245;1;2;3;1.0;3.0;650;CARNOT (RUE);;;;590
201000037861;10;10;14;1600;1;2;2;1.0;3.0;512;MOTTE (AVENUE ALFRED);;;;590
201000037865;10;10;17;955;1;2;3;1.0;3.0;512;GUESDE (RUE JULES);;;;590
201000037866;10;10;15;1355;1;2;3;2.0;6.0;512;DE GAULLE  (BOULEVARD DU;;;;590
201000037935;10;2;21;1745;1;2;6;1.0;3.0;352;WATTINES (RUE DE);;;;590
201000037976;10;7;6;1440;1;2;4;1.0;1.0;421;RAVENNES (RUE DES);;;;590
201000037982;10;7;24;1200;1;2;1;1.0;3.0;599;PAPIN (CHAUSSEE DENIS);;;;590
201000037990;10;8;20;1135;1;2;3;1.0;3.0;421;490, TOURCOING (RUE DE);;;;590
201000037998;10;9;9;1740;1;2;1;1.0;3.0;599;V A VIS 79, HENAUX (RUE;;;;590
201000038022;10;11;9;1700;5;1;6;2.0;3.0;90;BEAU SEJOUR CHEMIN DU;;;;590
201000038038;10;7;7;1820;1;2;2;1.0;6.0;544;00, RD 75;;;;590
201000038050;10;2;20;530;4;2;1;1.0;2.0;112;57, HUGO (RUE VICTOR);;;;590
201000038070;10;4;21;1330;1;2;2;1.0;3.0;606;MILHOMME (RUE);;;;590
201000038074;10;4;23;1700;1;2;1;1.0;3.0;606;DENTELLIERES (AVENUE DES;;;;590
201000038075;10;4;29;1700;1;2;1;1.0;2.0;606;VILLARS (PONT);;;;590
201000038100;10;4;1;650;2;2;2;3.0;3.0;383;RD 75;;;;590
201000038109;10;6;11;1745;1;2;1;1.0;6.0;383;174, BARBUSSE (AVENUE HE;;;;590
201000038122;10;8;6;1600;1;1;1;1.0;6.0;447;00, ZONE INDUSTRIELLE N°;;;;590
201000038128;10;9;9;1957;2;2;1;1.0;1.0;484;25, JAURES (AVENUE JEAN);;;;590
201000038141;10;9;30;1225;1;2;1;1.0;3.0;606;0.00, TARGETTE (RUE DE L;;;;590
201000038142;10;9;30;1825;1;2;1;1.0;3.0;606;71, WATTEAU (BOULEVARD);;;;590
201000038167;10;1;29;820;2;2;2;2.0;3.0;57;SAINT JUST EN CHAUSSEE (;;;;600
201000038173;10;7;29;1120;1;2;1;1.0;6.0;57;JEAN DE LIGNIERES (RUE);;;;600
201000038177;10;10;5;1210;1;2;1;1.0;3.0;57;31, ASSAUT (BOULEVARD DE;;;;600
201000038184;10;1;26;1030;1;2;2;1.0;2.0;159;05, NOTRE DAME DE BON SE;;;;600
201000038186;10;2;22;1740;1;2;6;1.0;3.0;159;DANIELOU (RP-GUY);;;;600
201000038205;10;5;20;1500;1;1;6;1.0;2.0;159;MERCIERES (CARREFOUR DE);;;;600
201000038208;10;6;22;910;1;2;1;1.0;6.0;382;110, BUTIN (AV. OCTAVE);;;;600
201000038214;10;9;1;1350;1;2;6;1.0;3.0;159;NATIONS-UNIS (CARREFOUR;;;;600
201000038262;10;10;2;1500;1;2;1;2.0;6.0;175;65, BOURSIER (RUE);;;;600
201000038263;10;10;30;105;3;1;1;2.0;2.0;463;RD 200;;;;600
201000038269;10;3;8;1125;1;2;2;1.0;3.0;1;RUE CAZAULT X BAILLEUL;;;;610
201000038276;10;5;31;830;1;2;1;1.0;3.0;117;RUE BEAUSEJOUR;M;4843030.0;5333.0;610
201000038283;10;8;25;1450;1;2;6;1.0;3.0;1;149, BD REPUBLIQUE;M;4842320.0;8961.0;610
201000038303;10;6;16;1710;1;2;3;1.0;3.0;6;RUE DES ANCIENS LAVOIRS;;;;610
201000038305;10;8;6;1445;1;2;6;1.0;2.0;6;RTE FALAISE X RUE BERLIO;M;4874710.0;-3123.0;610
201000038307;10;9;9;1400;1;2;3;1.0;3.0;6;REPUBLIQUE X VENELLE;;;;610
201000038325;10;5;22;1840;1;1;2;1.0;3.0;41;D' ACHICOURT;;;;620
201000038337;10;9;8;1305;1;2;1;3.0;3.0;41;24, BLD FAIDHERBE;;;;620
201000038366;10;1;17;1150;1;2;4;1.0;3.0;65;BASTILLE;;;;620
201000038375;10;4;16;1820;1;2;1;1.0;7.0;570;MOUSSERON (JULES);;;;620
201000038395;10;1;4;1535;1;2;1;1.0;6.0;108;18, IMPERATRICE;;;;620
201000038397;10;2;11;1725;1;2;2;1.0;3.0;108;BOULOGNE;;;;620
201000038401;10;4;28;1300;1;1;1;1.0;7.0;688;27/28, CHEMIN DE VERTON;;;;620
201000038408;10;8;21;1145;1;2;1;1.0;2.0;108;230, IMPERATRICE;;;;620
201000038409;10;10;6;30;4;2;1;3.0;2.0;108;HENRI ELBY;;;;620
201000038417;10;4;24;2250;5;1;1;1.0;6.0;735;BELLENVILLE ( RUE DE );;;;620
201000038475;10;3;15;2225;5;2;1;1.0;6.0;193;GUYNEMER (AVENUE G.);;;;620
201000038477;10;3;23;1720;1;2;1;1.0;6.0;193;GUYNEMER (AVENUE G.);;;;620
201000038490;10;7;5;1750;1;2;1;1.0;6.0;193;VERDUN (RUE DE);;;;620
201000038501;10;8;24;1700;1;2;3;1.0;3.0;193;1, DESCHAMPS (RUE R.);;;;620
201000038521;10;12;17;1130;1;2;3;1.0;1.0;193;NORMANDIE NIEMEN;;;;620
201000038534;10;2;22;1650;1;2;1;2.0;3.0;250;4, PASTEUR (R LOUIS);;;;620
201000038543;10;4;24;1635;1;2;2;1.0;3.0;413;sans, COLMAR (AV. DE);;;;620
201000038545;10;4;21;1845;1;2;1;1.0;6.0;250;sans, 919(D);;;;620
201000038549;10;5;18;1640;1;2;2;1.0;3.0;215;sans, PLACHEZ (R EDOUARD;;;;620
201000038552;10;5;27;700;1;1;1;1.0;2.0;215;sans, RD917;;;;620
201000038555;10;6;15;1720;1;2;1;1.0;3.0;413;sans, LENS (RTE DE);;;;620
201000038563;10;7;1;645;1;2;2;1.0;3.0;215;sans, TELLIER( rue Charl;;;;620
201000038571;10;7;9;1815;1;2;1;1.0;3.0;250;15, LAMENDIN (R ARTHUR);;;;620
201000038572;10;7;16;2315;5;2;1;1.0;6.0;907;sans, SZAREK (R LOUIS);;;;620
201000038585;10;9;7;1215;1;2;1;1.0;3.0;215;sans, MONTAIGNE (AV. MIC;;;;620
201000038586;10;9;13;2215;5;2;3;1.0;3.0;666;sans, DE GAULLE (R DU GA;;;;620
201000038592;10;9;28;650;1;2;1;1.0;6.0;215;65, QUINET (R CYPRIEN);;;;620
201000038594;10;10;21;1715;1;2;2;1.0;3.0;413;sans, DEBARGE (R CHARLES;;;;620
201000038597;10;11;10;845;1;2;3;2.0;3.0;215;sans, HUGO (R VICTOR );;;;620
201000038598;10;11;12;930;1;2;1;1.0;1.0;215;31, VERT (Rue du chemin;;;;620
201000038612;10;12;31;2005;2;2;1;8.0;3.0;427;360, HARNES (R D');;;;620
201000038627;10;4;9;2210;5;1;9;1.0;2.0;497;LAGRANGE (R LEO);;;;620
201000038630;10;4;15;2020;1;2;9;1.0;1.0;249;0, RENAN (R ERNEST);;;;620
201000038637;10;5;23;1455;1;2;3;1.0;3.0;497;37, KLEBER (R );;;;620
201000038638;10;6;1;1555;1;2;1;1.0;6.0;249;71, FUSILLES (R DES);;;;620
201000038664;10;1;27;2110;5;2;1;2.0;6.0;498;SANS, ARRAS (RTE  D');;;;620
201000038672;10;3;19;1935;4;1;1;2.0;6.0;842;SANS, D 947;;;;620
201000038685;10;5;27;845;1;2;1;1.0;6.0;498;sans, ELUARD (R PAUL);;;;620
201000038686;10;6;4;1215;1;2;1;1.0;6.0;498;sans, ARIEL (PAV);;;;620
201000038699;10;7;22;1505;1;2;3;1.0;3.0;842;SANS, BETHUNE A DOUAI (C;;;;620
201000038735;10;3;31;1350;1;2;1;1.0;3.0;510;., THIERS (R);;;;620
201000038737;10;4;24;1045;1;2;1;1.0;3.0;186;89, BEUGNET (R CASIMIR);;;;620
201000038756;10;7;17;1425;1;2;1;1.0;3.0;186;44, GARONNE (R DE LA );;;;620
201000038764;10;8;19;1410;1;2;1;1.0;6.0;510;., MONTGOLFIER (R);;;;620
201000038807;10;4;9;1403;1;2;1;1.0;3.0;40;MITTERAND (AVE FRANCOIS.;;;;620
201000038839;10;1;19;1535;1;2;1;1.0;3.0;113;1, GUYNEMER (RUE);;;;630
201000038885;10;3;5;1200;1;2;1;1.0;6.0;113;9, ROMAGNAT (RUE DE);;;;630
201000038890;10;3;9;643;5;2;1;1.0;6.0;113;73, DIOMEDE (RUE PAUL);;;;630
201000038925;10;4;3;1350;1;2;1;1.0;3.0;113;1, MONTLOSIER (RUE);;;;630
201000038928;10;4;7;1515;1;2;6;1.0;3.0;113;1, BENNETT (RUE GORDON);;;;630
201000038937;10;4;16;1650;1;2;1;1.0;6.0;113;., FLAUBERT (BD GUSTAVE);;;;630
201000038946;10;4;21;950;1;2;2;1.0;3.0;113;1, LEDRU (RUE);;;;630
201000038958;10;4;28;920;1;2;1;1.0;2.0;113;., FOREST (AVENUE FERNAN;;;;630
201000038977;10;5;17;720;1;2;1;1.0;6.0;113;., GROLIERE (RUE DE LA);;;;630
201000038979;10;5;18;1110;1;2;1;1.0;6.0;113;., CHATEAU DES VERGNES (;;;;630
201000038994;10;5;27;1444;1;2;1;1.0;6.0;113;15, CARNOT (AVENUE);;;;630
201000039000;10;5;28;1925;1;2;1;1.0;6.0;113;., AGUESSEAU (RUE D');;;;630
201000039004;10;5;31;2100;2;2;1;1.0;6.0;113;., CARTOUCHERIE (RUE DE;;;;630
201000039009;10;6;2;1510;1;2;2;1.0;6.0;113;., KLEBER (RUE);;;;630
201000039010;10;6;3;1720;1;2;1;1.0;6.0;113;., COUTHON (AVENUE GEORG;;;;630
201000039032;10;6;24;1225;1;2;1;1.0;3.0;113;1, UNION SOVIETIQUE (AVE;;;;630
201000039095;10;8;31;645;5;2;1;1.0;6.0;113;., AURIOL (BOULEBARD VIN;;;;630
201000039098;10;9;2;1300;1;2;1;1.0;6.0;113;03, PELISSIER (RUE);;;;630
201000039104;10;9;3;1848;1;2;2;1.0;6.0;113;GUYNEMER (RUE);;;;630
201000039107;10;9;6;800;1;2;1;1.0;6.0;113;., CHARRAS (AVENUE);;;;630
201000039123;10;9;18;1145;1;2;1;1.0;6.0;113;., ROUVIER (RUE);;;;630
201000039133;10;9;23;1756;1;2;1;1.0;6.0;113;., AURIOL (BOULEBARD VIN;;;;630
201000039134;10;9;23;2250;5;2;1;1.0;6.0;113;., JAURES (BD JEAN);;;;630
201000039144;10;9;30;1915;1;1;1;1.0;3.0;113;4, AURIOL (BOULEBARD VIN;;;;630
201000039182;10;10;25;741;2;2;1;1.0;6.0;113;., PREMIER MAI (PLACE DU;;;;630
201000039187;10;10;28;1100;1;2;1;1.0;6.0;113;., KENNEDY (BD J.F.);;;;630
201000039205;10;11;16;730;1;2;1;1.0;3.0;113;1, QUINET (BD EDGAR);;;;630
201000039257;10;12;19;1100;1;2;1;1.0;6.0;113;., FLAUBERT (BD GUSTAVE);;;;630
201000039285;10;2;3;1230;1;2;6;1.0;3.0;164;CHARMES (CARREFOUR DES);;;;630
201000039295;10;10;16;1555;1;2;2;1.0;3.0;113;187, Boulevard Etienne C;;;;630
201000039306;10;7;2;1825;1;2;1;1.0;1.0;300;., JENZAT (RUE DU);;;;630
201000039348;10;4;2;830;1;2;1;8.0;3.0;24;ROND POINT CAPITAINERIE;M;4352580.0;-151426.0;640
201000039367;10;5;27;1438;1;2;1;1.0;6.0;140;Z.A. DU BAZE;M;4352430.0;-149338.0;640
201000039407;10;8;30;1430;1;2;6;1.0;3.0;102;AV DU CAPIT RESPLANDY;M;4348420.0;-144726.0;640
201000039414;10;9;20;1410;1;1;2;1.0;1.0;102;RUE DES LISSES/MARENGO;M;4349070.0;-147151.0;640
201000039534;10;10;8;1120;1;2;1;1.0;3.0;125;RUE CONTRESTA/SOURCE ROY;M;4344570.0;-157635.0;640
201000039562;10;1;7;2015;5;2;6;2.0;3.0;445;AVENUE DE L'UNIVERSITE;M;4331140.0;-36338.0;640
201000039565;10;1;11;755;2;2;2;1.0;3.0;445;RUE B.CAMBOT/RUE BREMONT;M;4330570.0;-37035.0;640
201000039583;10;1;22;1645;1;2;1;1.0;3.0;445;8, COURS BOSQUET;M;4329810.0;-36486.0;640
201000039593;10;1;29;1855;5;2;1;3.0;3.0;445;6, RUE DU 14 JUILLET;M;4329250.0;-37814.0;640
201000039599;10;2;2;1410;1;2;1;1.0;6.0;445;BD PYRENEES/E. BOURNAC;M;4329420.0;-36291.0;640
201000039617;10;3;2;1245;1;2;6;1.0;6.0;348;BD DE L'EUROPE;M;4332070.0;-39175.0;640
201000039618;10;3;2;1100;1;2;6;1.0;6.0;335;0, SAINTE-CATHERINE;M;4332730.0;-43915.0;640
201000039619;10;3;2;1215;1;2;1;1.0;2.0;445;BD RENE MOUCHOTTE;;;;640
201000039629;10;3;15;1335;1;2;1;1.0;3.0;348;103 BD DE GAULLE;M;4331310.0;-41634.0;640
201000039633;10;3;23;800;1;2;1;1.0;3.0;445;CRS LEON BERARD/MONTARDO;M;4331650.0;-37484.0;640
201000039639;10;4;5;1410;1;2;1;1.0;6.0;445;67, AV JEAN MERMOZ;M;4331110.0;-37717.0;640
201000039650;10;4;19;1355;1;2;1;1.0;3.0;348;AV DU MOULIN/CHE LANOT;M;4332350.0;-39803.0;640
201000039655;10;4;27;1047;1;2;1;1.0;2.0;373;72, AV GENERAL DE GAULLE;M;4328180.0;-36112.0;640
201000039678;10;5;22;1420;1;2;3;1.0;2.0;445;RUE MONTPENSIER/ORLEANS;M;4329930.0;-37130.0;640
201000039682;10;5;25;820;1;2;9;1.0;3.0;445;11, RUE LOUIS BLERIOT;M;4331030.0;-33969.0;640
201000039689;10;5;31;825;1;2;1;1.0;3.0;445;0, PIERRE BOURDIEU;;;;640
201000039700;10;6;9;1725;1;2;1;1.0;6.0;445;17, RUE RENE FOURNETS;M;4329620.0;-37285.0;640
201000039713;10;6;22;1930;1;2;1;1.0;6.0;129;123 AV JEAN MERMOZ;M;4331560.0;-37802.0;640
201000039723;10;7;2;1746;1;2;2;1.0;3.0;445;RUE CASTETNAU/RUE GARET;M;4330080.0;-36180.0;640
201000039732;10;7;14;1950;1;2;6;1.0;3.0;445;R.P.  ALLEES DE MORLAAS;M;4330800.0;-33843.0;640
201000039735;10;7;17;1025;1;2;3;1.0;3.0;269;RUE DE  PEYREBLANQUE;M;4329810.0;-30294.0;640
201000039739;10;7;26;1420;1;2;1;1.0;3.0;445;12,  AUDREY BENGHOZI;M;4331920.0;-36594.0;640
201000039740;10;7;28;1815;1;1;1;1.0;3.0;335;0, D509;M;4334340.0;-41491.0;640
201000039750;10;8;11;1735;1;2;1;1.0;6.0;237;7, EUGENE DAURE;M;4328790.0;-37580.0;640
201000039753;10;8;16;2015;1;2;3;1.0;3.0;445;BD PAIX/AV DES LILAS;M;4331640.0;-33958.0;640
201000039757;10;8;20;1145;1;2;6;1.0;3.0;445;BD TOURASSE/ALLÉES MORLA;M;4330810.0;-33938.0;640
201000039758;10;8;20;1730;1;2;3;1.0;3.0;445;RECTEUR JEAN SARRAILH;M;4331150.0;-36580.0;640
201000039763;10;8;31;1940;1;2;1;1.0;6.0;445;47, BD ALSACE LORRAINE;M;4330410.0;-36656.0;640
201000039781;10;9;11;1425;1;2;1;1.0;6.0;348;1, ALLÉES DES ANCOLIES;M;4331890.0;-41911.0;640
201000039799;10;10;1;1820;1;2;1;1.0;3.0;237;VALLEE HEUREUSE;M;4327940.0;-37561.0;640
201000039802;10;10;5;1210;1;2;2;1.0;3.0;269;AV DU BEARN/AV DU CAMP;M;4330020.0;-29985.0;640
201000039811;10;10;11;1610;1;2;1;1.0;6.0;445;21 RUE SERVIEZ;M;4329680.0;-37155.0;640
201000039817;10;10;15;650;5;2;1;1.0;6.0;445;ROND POINT DE LA COMMUNE;M;4331100.0;-36286.0;640
201000039818;10;10;15;1110;1;2;1;1.0;2.0;445;RUE MARCA/RUE ETIGNY;M;4329630.0;-37637.0;640
201000039822;10;10;19;1805;1;2;3;1.0;3.0;445;JEAN JACQUES DE MONAIX;M;4330350.0;-35710.0;640
201000039824;10;10;21;755;5;2;1;1.0;3.0;348;28, RUE JOLIOT CURRIE;M;4330740.0;-42536.0;640
201000039828;10;10;21;1140;1;2;1;1.0;6.0;445;49, RUE DE PORTET;M;4332260.0;-34637.0;640
201000039845;10;11;3;735;2;2;1;2.0;3.0;445;39 AV DU LOUP;M;4330740.0;-35659.0;640
201000039859;10;11;13;1010;1;2;6;1.0;6.0;237;AV PASTEUR/RD100;M;4327990.0;-38050.0;640
201000039876;10;11;25;1305;1;2;1;1.0;3.0;445;56 BD JEAN SARRAIL;M;4330850.0;-37386.0;640
201000039885;10;12;3;1555;1;2;6;2.0;3.0;335;ROND POINT ST JACQUES;M;4332620.0;-44050.0;640
201000039894;10;12;10;1230;1;2;1;1.0;3.0;445;RUE MARCA/RUE DES PONTS;M;4329460.0;-37718.0;640
201000039903;10;12;17;1825;5;2;6;4.0;3.0;445;BD PAIX/SCHOELCHER;M;4332120.0;-35859.0;640
201000039907;10;12;21;1006;1;2;3;2.0;3.0;129;RUE DES COURREAUX /MIMOS;M;4329960.0;-40472.0;640
201000039912;10;12;29;1600;1;2;1;1.0;1.0;445;11, RECTEUR JEAN SARRAIL;M;4331010.0;-36888.0;640
201000039924;10;2;2;1600;1;2;1;1.0;3.0;483;RD810;M;4339290.0;-165235.0;640
201000039946;10;6;27;850;1;2;1;1.0;3.0;260;101 BOULEVARD DE LA MER;M;4337230.0;-178083.0;640
201000039960;10;4;17;1000;1;2;1;1.0;6.0;189;CORNICHE (ROUTE DE LA);M;4338780.0;-167037.0;640
201000039978;10;5;31;1845;1;2;1;1.0;3.0;483;18, VEYRIN PHILIPPE (RUE;;;;640
201000040032;10;12;20;1155;1;2;1;1.0;3.0;483;AVENUE DE CHANTACO;M;4338290.0;-164652.0;640
201000040053;10;5;28;1700;1;2;1;1.0;3.0;483;AVENUE DE CHANTACO;M;4337520.0;-163795.0;640
201000040069;10;7;6;1210;1;2;1;1.0;6.0;260;54 BD DU GENERAL LECLERC;M;4337100.0;-177290.0;640
201000040073;10;8;6;1905;1;1;1;1.0;2.0;545;RD810;M;4335900.0;-173110.0;640
201000040085;10;9;21;1120;1;2;1;1.0;1.0;483;AV PIERRE LARRAMENDY;M;4338360.0;-165516.0;640
201000040100;10;4;28;1953;1;2;6;1.0;3.0;286;ROND POINT DE L EUROPE;;;;650
201000040116;10;8;17;1720;1;1;2;1.0;3.0;286;1, BAGNERES (ROUTE DE);;;;650
201000040120;10;10;27;1655;1;2;1;1.0;1.0;286;1, MARTYRS DE LA DEPORTA;;;;650
201000040128;10;1;5;710;5;2;3;2.0;6.0;440;., CORPS FRANC POMMIES (;;;;650
201000040132;10;1;13;1240;1;2;4;2.0;3.0;440;., MARTINET (BOULEVARD D;;;;650
201000040146;10;2;24;1000;1;2;1;1.0;3.0;440;2 bis, GONNES (RUE DE);;;;650
201000040158;10;4;6;1530;1;2;3;1.0;6.0;47;., NOVEMBRE (RUE DU XI);;;;650
201000040160;10;4;14;1105;1;2;1;1.0;6.0;440;17, LARREY (RUE);;;;650
201000040168;10;5;25;1550;1;2;3;1.0;3.0;440;VOSGES (AVENUE DES);;;;650
201000040188;10;7;27;1650;1;2;6;1.0;3.0;440;., UNIVERSITE (ROND POIN;;;;650