Num_Acc;an;mois;jour;hrmn;lum;agg;int;atm;col;com;adr;gps;lat;long;dep
201000040189;10;7;28;1020;1;2;3;1.0;3.0;47;., SALLES (RUE EMILE);;;;650
201000040191;10;8;4;1230;1;2;1;1.0;6.0;440;TARBES/1 AV.BERT.BARRERE;M;4323440.0;7274.0;650
201000040192;10;8;4;1235;1;2;2;1.0;3.0;440;., TORNE (RUE ABBE);;;;650
201000040201;10;8;26;800;1;2;1;1.0;3.0;440;5, VOSGES (AVENUE DES);;;;650
201000040216;10;9;30;905;1;2;1;2.0;3.0;440;14, BREYER (RUE ANDRE);;;;650
201000040221;10;10;8;1410;1;2;1;1.0;3.0;440;6 D, ADOUR (QUAI DE L');;;;650
201000040231;10;10;27;1200;1;2;3;1.0;3.0;440;., ROSTAND (RUE JEAN);;;;650
201000040242;10;11;30;1150;1;2;2;1.0;1.0;440;., RENAUDET (BOULEVARD P;;;;650
201000040256;10;1;8;1229;1;2;1;1.0;3.0;136;HIRONDELLES (DES);M;4271276.0;288585.0;660
201000040264;10;1;21;740;1;2;1;1.0;3.0;136;MERMOZ (AVENUE JEAN);M;4269618.0;290628.0;660
201000040280;10;3;3;1433;1;2;1;3.0;3.0;136;NOBEL (QUAI ALFRED);M;4269731.0;288773.0;660
201000040298;10;4;2;1418;1;2;1;1.0;3.0;136;FRANCE (BOULEVARD ANATOL;M;4269768.0;290418.0;660
201000040303;10;4;9;1750;1;2;1;1.0;3.0;136;";, CARSALADE-DU-PONT(AVE";M;4269055.0;289902.0;660
201000040341;10;6;4;1814;1;2;2;1.0;3.0;136;., LASSUS (COURS MARIE-L;M;4269903.0;290613.0;660
201000040346;10;6;7;1800;1;2;3;1.0;3.0;136;";, MANALT (CELESTIN)";M;4269967.0;290255.0;660
201000040366;10;8;1;2055;1;1;1;1.0;2.0;136;SALANQUE (AVENUE DE);;;;660
201000040369;10;8;9;1750;1;2;1;1.0;3.0;136;16, CAMBRES AVENUE PIERR;M;4269108.0;290013.0;660
201000040376;10;8;13;2220;3;1;1;1.0;2.0;136;., NEGUEBOUS (CHEMIN DE);M;4271528.0;287315.0;660
201000040378;10;8;21;929;1;1;1;1.0;3.0;136;1450, JULIEN PANCHOT (AV;M;4268745.0;287136.0;660
201000040408;10;10;5;1130;1;2;1;1.0;3.0;136;96, JOFFRE (AVENUE DU MA;M;4271035.0;289034.0;660
201000040431;10;11;16;800;1;2;1;1.0;3.0;136;., FAUCEILLE (CHEMIN DE;M;4267202.0;290497.0;660
201000040473;10;6;28;1605;1;2;1;1.0;3.0;180;PV, ROUTE DE MARIENTHAL;;;;670
201000040485;10;9;27;1328;1;2;2;1.0;3.0;462;PV, 1 AV.DR CH.HOUILLON;;;;670
201000040491;10;1;5;1350;1;2;2;1.0;3.0;482;PV, RUE DU DOME;;;;670
201000040494;10;1;9;1815;5;2;1;4.0;3.0;482;SPV, QUAI DES BATELIERS;;;;670
201000040508;10;1;26;840;1;2;2;1.0;6.0;482;PV, RUE SAINT ERHARD;;;;670
201000040510;10;1;28;600;2;2;1;4.0;2.0;482;PV, RUE BOECKLIN;;;;670
201000040525;10;2;19;1300;1;2;1;2.0;3.0;482;SPV,R.GENERAL OFFENSTEIN;;;;670
201000040529;10;2;22;1745;1;2;2;1.0;6.0;447;PV, RUE DE VENDENHEIM;;;;670
201000040533;10;2;25;840;1;2;2;1.0;3.0;482;SPV, RUE DES JARDINIERS;;;;670
201000040537;10;2;27;1530;1;2;1;1.0;3.0;482;PV, 3 QUAI DU GAL KOENIG;;;;670
201000040543;10;3;2;805;1;2;2;2.0;3.0;482;PV, RUE DU MARCHE GARE;;;;670
201000040545;10;3;2;1320;1;2;2;8.0;3.0;482;SPV, RUE DE BISCHWILLER;;;;670
201000040548;10;3;3;1530;1;2;1;1.0;6.0;482;SPV,3B RTE OBERHAUSBERG.;;;;670
201000040553;10;3;5;1230;1;2;1;1.0;6.0;482;SPV, 2 RUE LAUTH;;;;670
201000040569;10;3;17;830;1;2;2;2.0;3.0;482;SPV, BLD PIERRE PFLIMLIN;;;;670
201000040570;10;3;16;1610;1;2;1;1.0;6.0;218;SPV, ROUTE DE STRASBOURG;;;;670
201000040573;10;3;17;1954;5;2;2;1.0;3.0;482;SPV,RD-PT PIERRE MEND.FR;;;;670
201000040576;10;3;19;1730;1;2;1;1.0;6.0;482;SPV,12 RUE DES ORPHELINS;;;;670
201000040578;10;3;22;840;1;2;3;1.0;3.0;482;SPV, RTE DE LA WANTZENAU;;;;670
201000040589;10;3;27;1155;1;1;1;1.0;3.0;218;SPV,ROUTE DU FORT UHRICH;;;;670
201000040593;10;3;30;920;1;2;2;1.0;3.0;482;PV, INTER.RTE RHIN/HAVRE;;;;670
201000040597;10;4;1;840;1;2;1;1.0;6.0;267;SPV,108 R. MARECHAL FOCH;;;;670
201000040606;10;4;8;1715;1;2;1;8.0;3.0;482;SPV, QUAI JACQUES STURM;;;;670
201000040613;10;4;13;1450;1;2;1;1.0;6.0;482;SPV, R.FAUBOURG NATIONAL;;;;670
201000040616;10;4;15;1150;1;2;1;1.0;3.0;482;PV,RD-PT P.MENDES FRANCE;;;;670
201000040625;10;4;19;1730;1;2;1;2.0;3.0;482;SPV, RUE SAINT URBAIN;;;;670
201000040626;10;4;21;1405;1;2;1;1.0;3.0;482;SPV, BOULEVARD D'ANVERS;;;;670
201000040627;10;4;21;1420;1;2;3;1.0;3.0;482;SPV, RUE KUHN;;;;670
201000040628;10;4;21;1647;1;2;1;1.0;3.0;447;SPV, R.GENERAL DE GAULLE;;;;670
201000040630;10;4;23;940;1;2;3;1.0;6.0;482;PV, RUE JACQUES PEIROTES;;;;670
201000040637;10;4;28;2040;2;2;2;1.0;3.0;482;SPV,3 PL.SEBASTIEN BRANT;;;;670
201000040640;10;4;30;1820;1;2;2;1.0;3.0;482;0, NANCY (BOULEVARD DE);;;;670
201000040648;10;5;7;26;5;2;1;2.0;6.0;482;PV, PONT FRERES MATTHIS;;;;670
201000040651;10;5;9;2150;5;2;3;2.0;3.0;482;SPV, AVENUE DE COLMAR;;;;670
201000040655;10;5;12;1700;1;2;1;1.0;6.0;482;SPV, 16 ALLEE ROBERTSAU;;;;670
201000040657;10;5;14;1230;1;2;2;1.0;1.0;482;SPV, PLACE CLEMENT;;;;670
201000040664;10;5;18;1700;1;2;1;1.0;1.0;482;PV, ESPLANADE;;;;670
201000040673;10;5;21;810;1;2;1;8.0;6.0;482;SPV, PLACE CATHEDRALE;;;;670
201000040684;10;5;26;1820;1;2;1;2.0;6.0;482;SPV,7 BOULEVARD LEBLOIS;;;;670
201000040690;10;5;29;1400;1;2;2;1.0;3.0;482;SPV, PORTE DE L HOPITAL;;;;670
201000040696;10;6;4;730;1;2;1;1.0;3.0;482;SPV, RUE DE MOLSHEIM;;;;670
201000040698;10;6;4;940;1;2;1;1.0;6.0;482;PV, 12 PLACE DE LA GARE;;;;670
201000040699;10;6;4;1640;1;2;2;1.0;6.0;482;PV, RUE DE SOLIGNAC;;;;670
201000040701;10;6;4;2015;1;2;2;1.0;6.0;482;SPV,RUE DE LA 1ERE ARMEE;;;;670
201000040702;10;6;5;1420;1;2;1;1.0;6.0;482;SPV,14 RUE DE LIEPVRETTE;;;;670
201000040706;10;6;5;1955;1;2;1;1.0;2.0;447;0, GENERAL DE GAULLE (RO;;;;670
201000040708;10;6;5;2020;1;2;5;1.0;6.0;482;0, PRESIDENT WILSON (BOU;;;;670
201000040711;10;6;7;1210;1;2;1;1.0;3.0;482;SPV, 8 BOULEVARD DE METZ;;;;670
201000040712;10;6;7;1621;1;2;1;1.0;3.0;482;SPV, QUAI DES BELGES;;;;670
201000040717;10;6;11;1200;1;2;1;1.0;3.0;482;SPV, 205 AV. DE COLMAR;;;;670
201000040719;10;6;12;1035;1;2;2;1.0;3.0;482;PV, RUE DE LA GROSSAU;;;;670
201000040727;10;6;16;1750;1;2;3;1.0;3.0;267;SPV, RUE D'ECKBOLSHEIM;;;;670
201000040731;10;6;18;1345;1;2;2;1.0;3.0;482;SPV, RUE DE L'OBERELSAU;;;;670
201000040736;10;6;21;740;1;2;5;1.0;3.0;482;SPV, PLACE DE HAGUENAU;;;;670
201000040738;10;6;22;1650;1;2;3;1.0;2.0;447;PV, 3 RUE DE BERNE;;;;670
201000040739;10;6;22;1745;1;2;6;1.0;3.0;43;SPV, RUE GENERAL LECLERC;;;;670
201000040740;10;6;22;2030;1;2;1;1.0;3.0;218;SPV, RUE DES VIGNES;;;;670
201000040741;10;6;23;1445;1;2;2;1.0;3.0;482;SPV, AVENUE LEON DACHEUX;;;;670
201000040743;10;6;23;1845;1;2;2;1.0;3.0;218;SPV, RUE DES VIGNES;;;;670
201000040746;10;6;24;920;1;2;2;1.0;7.0;482;SPV, BOULEVARD DE LYON;;;;670
201000040748;10;6;25;900;1;2;1;1.0;3.0;482;SPV, 6 AV.GEN.DE GAULLE;;;;670
201000040752;10;6;25;2220;3;2;1;1.0;7.0;482;SPV, RUE DES CAVALIERS;;;;670
201000040756;10;6;29;1221;1;2;2;1.0;3.0;482;PV, PLACE D'ATHENES;;;;670
201000040760;10;6;30;1340;1;2;2;1.0;3.0;267;SPV, RUE DE LA GARE;;;;670
201000040767;10;7;2;2130;5;2;3;1.0;6.0;482;SPV,2 R.RAOUL CLAINCHARD;;;;670
201000040768;10;7;2;1000;1;2;3;7.0;3.0;482;PV, AV.GENERAL DE GAULLE;;;;670
201000040769;10;7;2;1120;1;2;2;1.0;3.0;482;SPV, RUE DES DUCS;;;;670
201000040770;10;7;2;1700;1;2;2;1.0;3.0;482;SPV, RUE FRITZ KIEFFER;;;;670
201000040772;10;7;4;1820;1;2;3;1.0;3.0;482;SPV, RUE DE DAHLENHEIM;;;;670
201000040778;10;7;7;1155;1;2;1;1.0;3.0;482;SPV,47A R.FOSSE TANNEURS;;;;670
201000040779;10;7;7;1320;1;2;3;1.0;3.0;482;SPV, PLACE DE HAGUENAU;;;;670
201000040788;10;7;10;2010;1;2;2;1.0;3.0;204;SPV, RUE DE LA FONTAINE;;;;670
201000040791;10;7;12;710;1;2;1;1.0;3.0;482;PV,56 RUE DE RIBEAUVILLE;;;;670
201000040796;10;7;16;1955;1;2;3;1.0;3.0;482;SPV, RUE DE MUTZIG;;;;670
201000040804;10;7;21;1935;1;2;2;1.0;2.0;482;OBERHAUSBERGEN (ROUTE D;;;;670
201000040807;10;7;23;1200;1;2;2;1.0;6.0;482;SPV, AVENUE DES VOSGES;;;;670
201000040809;10;7;23;1900;2;2;2;2.0;3.0;482;PV, QUAI SAINT ETIENNE;;;;670
201000040812;10;7;28;2025;1;2;2;1.0;3.0;482;SPV, AVENUE DE COLMAR;;;;670
201000040813;10;7;29;1648;1;2;1;1.0;6.0;482;SPV, RUE SAINT MICHEL;;;;670
201000040815;10;7;30;1810;1;2;1;2.0;6.0;482;SPV, ABBE DE L'EPEE;;;;670
201000040817;10;7;31;1725;1;2;2;1.0;3.0;482;SPV, 3 RUE DE BOERSCH;;;;670
201000040826;10;8;13;1805;1;2;3;1.0;3.0;447;SPV, RUE LATTRE TASSIGNY;;;;670
201000040828;10;8;13;1945;1;2;2;1.0;6.0;482;SPV, RUE DE RHINAU;;;;670
201000040841;10;8;24;1;5;2;3;1.0;6.0;447;SPV, RUE DU MARAIS;;;;670
201000040849;10;8;28;1600;1;1;1;2.0;3.0;447;SPV,36 RTE GEN.DE GAULLE;;;;670
201000040859;10;9;5;451;5;2;1;1.0;3.0;482;SPV, 178 bis RTE ROMAINS;;;;670
201000040872;10;9;12;1825;1;2;1;1.0;3.0;482;SPV, RUE DE ROSHEIM;;;;670
201000040874;10;9;13;1810;1;2;3;1.0;3.0;482;PV, RTE D'OBERHAUSBERGEN;;;;670
201000040878;10;9;16;750;1;2;3;1.0;3.0;482;SPV,AVENUE HERRENSCHMIDT;;;;670
201000040890;10;9;21;1840;1;2;1;1.0;3.0;482;SPV, PONT LOUIS PASTEUR;;;;670
201000040904;10;10;2;850;1;2;3;2.0;3.0;482;SPV,RTE MITTELHAUSBERGEN;;;;670
201000040908;10;10;4;950;1;2;9;1.0;6.0;218;SPV,900 R.TOBIAS STIMMER;;;;670
201000040911;10;10;4;1940;5;2;2;1.0;6.0;482;SPV, QUAI GENERAL KOENIG;;;;670
201000040916;10;10;5;1945;4;2;1;1.0;3.0;218;SPV, RUE DES VIGNES;;;;670
201000040919;10;10;6;1935;5;2;1;1.0;3.0;482;SPV, 13 FAUBG DE SAVERNE;;;;670
201000040921;10;10;8;1800;1;2;3;1.0;3.0;482;SPV, CHEMIN GOEB;;;;670
201000040923;10;10;10;1220;1;2;3;1.0;3.0;482;SPV, QUAI SAINT NICOLAS;;;;670
201000040928;10;10;15;750;1;2;3;1.0;3.0;482;SPV, PLACE DE HAGUENAU;;;;670
201000040934;10;10;20;1430;1;2;1;2.0;3.0;482;SPV,31RTE OBERHAUSBERGEN;;;;670
201000040936;10;10;21;1400;1;2;2;1.0;3.0;482;SPV, RUE PREMIERE ARMEE;;;;670
201000040939;10;10;22;1155;1;2;2;1.0;3.0;482;SPV, R.VIEUX MARCHE VINS;;;;670
201000040946;10;10;27;1645;1;2;1;1.0;3.0;482;SPV, ROUTE DE L'HOPITAL;;;;670
201000040952;10;11;2;1605;1;2;1;1.0;6.0;482;SPV,25 ROUTE DES ROMAINS;;;;670
201000040953;10;11;2;1720;5;2;2;1.0;6.0;482;SPV, RUE DE SOLIGNAC;;;;670
201000040954;10;11;3;1430;1;2;1;1.0;3.0;482;SPV, AVENUE FORET NOIRE;;;;670
201000040959;10;11;5;1010;1;2;1;1.0;3.0;482;SPV, 3 RUE DE SAALES;;;;670
201000040960;10;11;5;1350;1;2;2;1.0;3.0;482;SPV, RUE PAUL REISS;;;;670
201000040965;10;11;8;1630;1;2;1;1.0;6.0;482;SPV,7R.HOPITAL MILITAIRE;;;;670
201000040966;10;11;8;1730;1;2;3;1.0;3.0;482;SPV, RUE DU ROETHIG;;;;670
201000040970;10;11;10;830;1;2;3;2.0;6.0;482;SPV, RUE SAINT ETIENNE;;;;670
201000040971;10;11;10;915;1;2;1;2.0;6.0;482;SPV, 44 BLD DE LA MARNE;;;;670
201000040976;10;11;13;435;5;2;2;6.0;3.0;482;SPV, PLACE PETRARQUE;;;;670
201000040981;10;11;16;1830;1;2;2;1.0;3.0;482;SPV, RUE LOUIS APFFEL;;;;670
201000040982;10;11;17;757;1;2;1;1.0;6.0;482;SPV,3D RTE OBERHAUSBERG.;;;;670
201000040984;10;11;17;1235;1;2;1;1.0;6.0;218;SPV, RUE VINCENT SCOTTO;;;;670
201000040988;10;11;18;810;1;2;3;1.0;3.0;43;SPV, RUE DU MARAIS;;;;670
201000040993;10;11;19;2355;5;2;1;1.0;3.0;482;SPV, 2 RUE ST GUILLAUME;;;;670
201000040996;10;11;22;1815;5;2;1;2.0;3.0;447;SPV, 72 RTE BISCHWILLER;;;;670
201000040997;10;11;23;1205;1;2;1;1.0;3.0;43;SPV, RUE SAINT LAURENT;;;;670
201000041001;10;11;24;1830;5;2;6;2.0;3.0;43;SPV, CARREFOUR DE EUROPE;;;;670
201000041012;10;12;4;1518;1;2;2;1.0;7.0;482;SPV,22 QUAI DES PECHEURS;;;;670
201000041016;10;12;7;800;2;2;2;2.0;6.0;204;SPV, RUE DE LA VILLE;;;;670
201000041017;10;12;7;820;1;2;2;2.0;3.0;482;SPV, RUE DES SERRURIERS;;;;670
201000041020;10;12;8;1715;5;2;2;2.0;3.0;482;SPV, PONT SAINT NICOLAS;;;;670
201000041031;10;12;16;1610;2;2;3;6.0;3.0;482;SPV, ROUTE DE SCHIRMECK;;;;670
201000041035;10;12;22;730;2;2;1;2.0;1.0;482;SPV, PLACE DE HAGUENAU;;;;670
201000041043;10;12;30;335;5;2;3;4.0;2.0;482;SPV, RUE DE CHAMONIX;;;;670
201000041045;10;1;16;1056;1;2;2;1.0;3.0;66;EUROPE (AVENUE DE L');M;4807745.0;733597.0;680
201000041046;10;1;16;1426;1;2;1;1.0;6.0;66;23, CLEFS (RUE DES);M;4807842.0;735996.0;680
201000041057;10;3;26;2004;5;2;1;1.0;2.0;66;6, PREMIERE ARMEE FRANCA;M;4808358.0;735633.0;680
201000041068;10;5;19;1502;1;2;2;1.0;3.0;66;29, BALE ( ROUTE DE);M;4806952.0;736047.0;680
201000041069;10;5;18;1210;1;2;4;1.0;2.0;66;DE GAULLE (AVENUE DU GEN;M;4807622.0;734748.0;680
201000041075;10;5;31;1707;1;2;6;1.0;3.0;66;LORRAINE (AVENUE DE);M;4809321.0;735530.0;680
201000041077;10;5;28;2025;1;2;3;1.0;1.0;66;3, JOFFRE (AVENUE);M;4807211.0;735368.0;680
201000041078;10;6;17;1504;1;2;2;1.0;3.0;66;5, NEUF BRISACH (ROUTE D;M;4808040.0;736373.0;680
201000041081;10;6;26;1337;1;2;2;1.0;3.0;66;ALSACE (RUE D');M;4808024.0;736448.0;680
201000041083;10;7;22;1615;1;2;2;1.0;6.0;66;, DE GAULLE (AVENUE DU G;M;4807721.0;734791.0;680
201000041085;10;7;30;1145;1;2;3;1.0;3.0;66;NEUF BRISACH (ROUTE DE);M;4807966.0;737356.0;680
201000041090;10;9;5;1802;1;2;1;1.0;6.0;66;43, INGERSHEIM (ROUTE D';M;4808381.0;734761.0;680
201000041092;10;9;6;1828;1;2;3;1.0;3.0;66;47, SELESTAT (ROUTE DE);M;4808294.0;736308.0;680
201000041097;10;9;20;1200;1;2;4;1.0;3.0;66;8, BALE ( ROUTE DE);M;4807252.0;736056.0;680
201000041108;10;11;2;1845;5;2;1;1.0;6.0;66;9, SCHUMANN (RUE);M;4808054.0;733526.0;680
201000041113;10;12;22;1555;1;2;6;1.0;3.0;66;NEUF BRISACH (ROUTE DE);M;4808029.0;738170.0;680
201000041116;10;5;27;1335;1;2;3;1.0;3.0;112;02, CHANOINES (RUE DES);M;4790633.0;721311.0;680
201000041117;10;5;27;1735;1;2;3;1.0;3.0;112;1, TUILERIES (RUE DES);M;4770223.0;721520.0;680
201000041120;10;9;28;1440;1;2;1;1.0;2.0;112;11, COLMAR (ROUTE DE);M;4790438.0;722189.0;680
201000041124;10;1;12;547;5;2;6;8.0;3.0;224;THANN (RUE DE);M;4775229.0;730341.0;680
201000041129;10;1;25;1745;5;2;1;1.0;6.0;224;3, EHRMANN (RUE JULES);M;4774244.0;733928.0;680
201000041130;10;1;21;1134;1;2;1;1.0;3.0;224;5, LOISY (RUE DU LIEUTEN;M;4775610.0;734250.0;680
201000041152;10;3;19;1315;1;2;3;1.0;3.0;224;TARN (RUE DU);M;4775160.0;730919.0;680
201000041153;10;3;29;1405;1;2;1;1.0;7.0;224;9, FRANKLIN (RUE);M;4775345.0;733628.0;680
201000041175;10;6;7;1859;1;2;2;1.0;3.0;224;**, IMPRIMEURS (RUE DES);M;4775353.0;733193.0;680
201000041178;10;6;25;705;1;2;3;7.0;3.0;224;KINGERSHEIM (RUE DE);M;4777815.0;732870.0;680
201000041192;10;8;20;1500;1;2;1;1.0;7.0;224;46, KINGERSHEIM (RUE DE);M;4776891.0;732611.0;680
201000041203;10;9;27;1400;1;1;1;1.0;1.0;224;, LAENNEC (AVENUE DU DOC;M;4771847.0;734472.0;680
201000041207;10;10;1;2145;5;2;6;1.0;3.0;224;238, BELFORT (RUE DE);M;4773845.0;729528.0;680
201000041217;10;11;1;1605;1;2;1;1.0;6.0;224;48, ALTKIRCH (AVENUE D');M;4773721.0;733445.0;680
201000041221;10;11;17;1315;1;2;1;1.0;3.0;224;40, KATZ (ALLEE NATHAN);M;4775597.0;735052.0;680
201000041230;10;2;17;617;5;2;6;4.0;3.0;297;HENNER ( RUE DE );M;4759145.0;755761.0;680
201000041235;10;7;28;1210;1;2;3;3.0;3.0;297;DE GAULLE ( AVE DU GLE );M;4758081.0;755291.0;680
201000041237;10;10;11;805;1;2;3;1.0;3.0;149;CD 107;M;4759651.0;756470.0;680
201000041250;10;11;5;1235;1;2;1;1.0;3.0;376;80, MILLEPERTUIS (RUE DU;M;4780234.0;731686.0;680
201000041255;10;3;5;2225;5;2;1;1.0;3.0;29;48 BIS, RUE DE LA PAGERE;;;;690
201000041256;10;3;16;730;1;2;1;1.0;3.0;29;331, AVENUE GENERAL DE G;;;;690
201000041257;10;4;12;1640;1;2;9;1.0;3.0;29;37, RUE MARCEL BRAMET;;;;690
201000041280;10;1;28;830;1;2;1;1.0;6.0;34;00, CHEMIN DE VASSIEUX;;;;690
201000041297;10;4;17;1939;1;2;1;1.0;6.0;34;85, GRANDE RUE DE SAINT;;;;690
201000041298;10;4;24;1630;1;2;2;1.0;6.0;34;MONTEE DE LA BOUCLE;;;;690
201000041309;10;8;12;1207;1;2;2;1.0;3.0;34;00, AVENUE JEAN MONNET;;;;690
201000041313;10;9;22;855;1;2;2;1.0;3.0;34;CHEMIN DE CREPIEUX;;;;690
201000041381;10;10;21;840;1;2;1;1.0;5.0;96;76, SABATIER (ANDRE) ( R;M;4561010.0;477823.0;690
201000041388;10;1;4;720;2;2;1;4.0;5.0;149;35, CADIERE (DE LA);;;;690
201000041394;10;2;3;2025;5;2;2;1.0;3.0;202;MAURICE JARROSON;;;;690
201000041412;10;4;27;1830;1;2;1;1.0;3.0;202;PROVINCES (DES);;;;690
201000041430;10;8;3;1743;1;2;2;1.0;3.0;149;X, PIERRE SEMARD;;;;690
201000041443;10;9;21;2120;5;2;6;1.0;3.0;152;STATION D'EPURATION;M;4569520.0;482601.0;690
201000041470;10;12;6;818;1;2;3;2.0;3.0;152;T, HENRI BARBUSSE;;;;690
201000041497;10;4;20;1620;1;2;1;1.0;1.0;256;114, REPUBLIQUE (DE LA);;;;690
201000041504;10;5;9;1550;1;2;1;1.0;3.0;256;LOUIS DUCLOS PROLONGEE;;;;690
201000041505;10;5;20;1730;1;2;3;1.0;3.0;256;SALVADOR ALLENDE;;;;690
201000041523;10;8;3;1945;1;2;1;1.0;6.0;256;FRANKLIN ROOSEVELT;;;;690
201000041529;10;9;6;915;1;2;1;1.0;3.0;256;., FRANKLIN ROOSEVELT;M;4574930.0;493390.0;690
201000041559;10;1;17;1325;1;2;3;1.0;3.0;259;0, BOULEVARD YVES FARGE;;;;690
201000041571;10;3;1;1735;1;2;3;1.0;1.0;199;1, RUE RENE FERNANDEZ;;;;690
201000041590;10;4;22;810;1;2;3;1.0;3.0;259;0, BOULEVARD IRENE JOLIO;;;;690
201000041608;10;6;4;1740;1;2;1;1.0;5.0;259;136, BOULEVARD IRENE JOL;;;;690
201000041628;10;7;21;1740;1;2;1;1.0;3.0;199;91, AVENUE JEAN JAURES;;;;690
201000041709;10;9;11;1725;1;2;1;1.0;3.0;264;FRANS ROUTE DE;;;;690
201000041743;10;4;20;825;1;2;3;1.0;3.0;266;AVENUE ALBERT EINSTEIN;;;;690
201000041747;10;5;7;1815;1;2;3;1.0;6.0;266;1, AVENUE CONDORCET;;;;690
201000041759;10;6;3;755;1;2;3;1.0;3.0;266;326, RUE DES BOUCHERETS;;;;690
201000041767;10;6;30;1750;1;2;1;1.0;6.0;266;1, PONT DE CUSSET;;;;690
201000041768;10;6;8;1510;1;2;1;1.0;3.0;266;62, RUE FRANCIS DE PRESS;;;;690
201000041769;10;7;7;1310;1;2;3;1.0;6.0;266;1, RUE GERVAIS BUSSIERE;;;;690
201000041793;10;9;28;845;1;2;2;1.0;6.0;266;1, AVENUE PAUL KRUGER;;;;690
201000041794;10;10;1;1550;1;2;3;1.0;3.0;266;16, AVENUE GENERAL LECLE;;;;690
201000041802;10;10;26;1155;1;2;6;1.0;3.0;266;1, RUE DU 8 MAI 1945;;;;690
201000041817;10;12;4;1840;5;2;2;2.0;6.0;266;1, COURS EMILE ZOLA;;;;690
201000041819;10;1;29;1645;1;2;1;1.0;3.0;275;53, AVENUE FRANKLIN ROOS;;;;690
201000041825;10;4;16;2110;5;2;6;1.0;3.0;275;ROND POINT DU GRAND LARG;;;;690
201000041846;10;6;4;1522;1;2;3;1.0;3.0;282;RUE JEAN JAURES;;;;690
201000041869;10;3;2;1930;5;2;3;1.0;1.0;290;86, RUE ANATOLE FRANCE;;;;690
201000041895;10;7;4;1930;1;2;6;1.0;3.0;290;0, BD FRANCOIS REYMOND;;;;690
201000041914;10;9;12;1710;1;2;1;1.0;3.0;290;19, AVENUE SALVADOR ALLE;;;;690
201000041923;10;10;2;1830;1;2;2;1.0;3.0;290;0, RUE OCTAVE FEUILLET;;;;690
201000041972;10;1;31;5;5;2;3;1.0;3.0;76;SAINT COSME (QUAI);;;;710
201000041986;10;7;6;740;2;1;9;1.0;3.0;445;RN 80;;;;710
201000041996;10;9;22;1340;1;2;3;1.0;3.0;445;PHILIPPE FLATOT (RUE);;;;710
201000042023;10;3;14;1645;1;2;1;1.0;6.0;153;., ACACIAS (RUE DES) N°1;;;;710
201000042067;10;4;29;1110;1;2;1;1.0;3.0;270;1, NEUSTADT (RUE DE);;;;710
201000042105;10;6;1;1720;1;2;2;1.0;3.0;306;1, CHAUBUISSON (RUE DE);;;;710
201000042112;10;10;8;1645;1;2;1;1.0;3.0;306;1, DE LATTRE DE TASSIGNY;;;;710
201000042120;10;1;5;1600;1;2;1;1.0;6.0;181;LEFAUCHEUX PIERRE (BD);;;;720
201000042128;10;1;26;1012;1;2;5;1.0;3.0;181;OYON ALEXANDRE (BD);;;;720
201000042153;10;3;5;2340;5;2;2;1.0;3.0;181;LEDRU ROLLIN QUAI N° 103;;;;720
201000042181;10;4;28;1745;1;2;1;1.0;3.0;181;RUBILLARD AV N° PAIRS 11;;;;720
201000042187;10;5;14;1135;1;2;1;1.0;6.0;181;MICHEL ANGE (RUE);;;;720
201000042189;10;5;20;820;1;2;2;1.0;3.0;181;CARNOT (BD);;;;720
201000042238;10;9;2;650;2;2;2;1.0;6.0;181;MESSIAEN OLIVIER (AV) IM;;;;720
201000042243;10;9;5;1135;1;2;3;1.0;3.0;181;VIEUX LOUP (RUE DU);;;;720
201000042246;10;9;8;1715;1;2;1;1.0;6.0;181;Enceinte circuit des 24h;;;;720
201000042264;10;9;22;550;1;2;3;1.0;3.0;181;ARNAGE (RUE D') N° IMP 1;;;;720
201000042265;10;9;22;1600;1;2;3;1.0;3.0;181;ZOLA EMILE (BD) N° IMP 6;;;;720
201000042282;10;10;18;1518;1;2;1;1.0;3.0;181;1, DEBUSSY CLAUDE (AV);;;;720
201000042332;10;12;15;1030;1;2;2;1.0;3.0;181;LYAUTEY MARECHAL (AV) N°;;;;720
201000042333;10;12;16;1205;1;2;1;1.0;3.0;181;YSSOIR (PONT);;;;720
201000042345;10;7;10;1141;1;2;1;1.0;2.0;8;44, SIMOND ST AVENUE;;;;730
201000042346;10;7;28;1146;1;2;6;1.0;3.0;8;LAC CARREFOUR DU;;;;730
201000042347;10;8;13;912;1;2;2;1.0;3.0;8;VIBORGNE CHEMIN DE;;;;730
201000042349;10;12;14;855;1;2;6;1.0;3.0;8;HOPITAUX CARREFOUR DES;;;;730
201000042360;10;3;17;1015;1;2;6;1.0;3.0;65;Place du Stade;;;;730
201000042366;10;5;8;1525;1;2;1;1.0;6.0;65;Rue du Bertillet;;;;730
201000042373;10;7;2;1410;1;2;6;1.0;6.0;65;MONGE (PLACE);;;;730
201000042390;10;5;17;1200;1;2;7;1.0;6.0;10;., ROMAINS (PLACE DES);;;;740
201000042395;10;6;23;1155;1;2;3;1.0;6.0;10;., ALBIGNY (AVE);;;;740
201000042402;10;8;10;820;1;2;3;1.0;6.0;10;REPUBLIQUE (DE LA);;;;740