Num_Acc;an;mois;jour;hrmn;lum;agg;int;atm;col;com;adr;gps;lat;long;dep
201000042422;10;2;4;830;1;2;6;1.0;3.0;12;rue de geneve/rue saleve;;;;740
201000042427;10;4;13;1355;1;2;3;1.0;3.0;133;REPUBLIQUE (COURS DE LA);;;;740
201000042430;10;5;19;1700;1;2;1;7.0;2.0;12;MERMOZ RUE JEAN);;;;740
201000042443;10;1;25;1918;5;2;1;1.0;1.0;281;17,chemin de ronde;;;;740
201000042453;10;8;22;1355;1;2;1;1.0;1.0;281;01, MORCY (CHEMIN DE);;;;740
201000042491;10;5;14;1000;1;2;1;1.0;3.0;217;ESCARPE (ROUTE DE L');;;;760
201000042494;10;5;19;2310;5;2;3;1.0;3.0;217;1, RD 925;;;;760
201000042511;10;7;20;1035;1;2;1;1.0;2.0;217;1, DAKAR (COURS DE);;;;760
201000042531;10;11;8;945;1;2;3;3.0;3.0;217;1, DAKAR (COURS DE);;;;760
201000042563;10;7;26;1;5;2;1;1.0;6.0;259;26, PRES ( RUE DES);;;;760
201000042575;10;1;25;1340;1;2;3;1.0;6.0;351;Néant, REPUBLIQUE (COURS;;;;760
201000042616;10;4;12;2120;2;2;3;1.0;3.0;351;95, LOUIS BLANC N°30 A 1;;;;760
201000042653;10;6;3;730;1;2;3;1.0;3.0;351;399, Rue Arsitide Briand;;;;760
201000042667;10;6;25;2045;1;2;1;1.0;2.0;351;158, BOIS AU COQ (RUE);;;;760
201000042676;10;7;3;1200;1;2;1;1.0;6.0;351;19, HENRY GENESTAL;;;;760
201000042681;10;7;7;1640;1;2;6;1.0;5.0;351;0, Rond Point de la Bign;;;;760
201000042712;10;8;18;1445;1;2;1;1.0;7.0;351;Néant, CLAIRIERE (CHEMIN;;;;760
201000042716;10;9;2;50;4;2;1;1.0;6.0;351;QUAI FRISSARD/DOCKS VAUB;M;4948995.0;12595.0;760
201000042728;10;9;20;1740;1;2;1;1.0;6.0;351;RUE MARCEL PAUL;;;;760
201000042733;10;10;1;1750;1;2;1;1.0;7.0;351;NEANT, MAGASINS GENERAUX;;;;760
201000042752;10;11;4;1635;1;2;1;1.0;6.0;351;Néant, RENE COTY;;;;760
201000042761;10;11;18;1740;2;2;1;2.0;6.0;351;Néant, JEAN JACQUES ROUS;;;;760
201000042769;10;11;26;850;1;2;1;1.0;6.0;351;52, FOCH (AVENUE);;;;760
201000042771;10;11;29;1815;5;2;1;4.0;6.0;351;5, TROIS CENT VINGT NEUV;;;;760
201000042773;10;12;2;1900;5;2;3;1.0;3.0;351;néant, ACACIAS (DES);;;;760
201000042784;10;12;28;2200;5;1;3;2.0;6.0;351;0, SEIZIEME PORT (AVENUE;;;;760
201000042799;10;9;30;1815;1;2;1;1.0;6.0;351;BLD JULES DURAND;;;;760
201000042822;10;2;1;1735;5;2;1;1.0;6.0;540;1, LEDRU ROLLIN. RUE;;;;760
201000042837;10;2;24;1720;1;2;1;2.0;3.0;216;71, HEBERT. RUE GEORGES;;;;760
201000042851;10;3;19;1735;1;2;1;3.0;5.0;451;10bis, FOND DU VAL. ALLE;;;;760
201000042854;10;4;3;1610;1;2;2;1.0;6.0;540;PONT JEANNE D'ARC.;;;;760
201000042884;10;4;26;830;1;1;1;1.0;3.0;429;01, PARIS. ROUTE DE;;;;760
201000042945;10;6;28;1650;1;2;1;1.0;3.0;681;1, BLUM. RUE LEON;;;;760
201000042963;10;6;26;1100;1;2;1;9.0;1.0;319;3 TER, PTT (AVENUE JEAN;;;;760
201000042972;10;7;10;1030;1;2;1;1.0;6.0;474;1, DIEPPE. ROUTE DE (RN;;;;760
201000042973;10;7;16;1610;1;2;1;1.0;3.0;322;01, ROOSEVELT. AVENUE FR;;;;760
201000042974;10;7;13;1610;1;2;1;1.0;3.0;322;17 AV FRANKLIN ROOSEVELT;M;4939775.0;105592.0;760
201000042979;10;7;19;940;1;2;1;1.0;3.0;108;01, HERBEUSE. RUE;;;;760
201000043001;10;6;27;1800;1;2;1;1.0;2.0;484;1, PAIX. PLACE DE LA;;;;760
201000043026;10;9;16;1650;1;2;1;1.0;3.0;498;01, RUE SALVADOR ALLENDE;;;;760
201000043036;10;10;2;1410;1;2;1;2.0;3.0;540;01, CORNEILLE. QUAI (HAU;;;;760
201000043057;10;10;28;1255;1;2;3;9.0;6.0;322;7 RUE MARTYRS RESISTANCE;M;4941433.0;103776.0;760
201000043075;10;11;24;2025;5;2;1;8.0;3.0;540;AVENUE LOUIS PASTEUR;M;4944320.0;107789.0;760
201000043082;10;10;11;610;5;2;1;1.0;3.0;108;1083 ROUTE DE NEUFCHATEL;M;4945357.0;110444.0;760
201000043104;10;4;11;1240;1;1;1;1.0;6.0;479;000, BASE UCPA;;;;770
201000043107;10;5;20;900;1;2;1;1.0;6.0;108;2, CITES (RUE DES);;;;770
201000043145;10;6;18;1930;1;2;1;1.0;6.0;18;35, MARNONS ( RUE DES );;;;770
201000043179;10;6;9;1730;1;2;3;2.0;3.0;131;3, STRASBOURG (AVENUE DE;;;;770
201000043190;10;7;16;1140;1;2;1;1.0;3.0;131;21, STRASBOURG (AVENUE D;;;;770
201000043194;10;7;25;1630;1;2;3;1.0;6.0;131;100 B, THEIL (RUE DU);;;;770
201000043198;10;8;5;1455;1;2;1;1.0;3.0;131;19, STRASBOURG (AVENUE D;;;;770
201000043207;10;9;28;800;1;1;2;1.0;3.0;433;D 25;;;;770
201000043231;10;2;22;1040;1;1;1;1.0;2.0;186;RD148 carrefour DIANE à;;;;770
201000043237;10;4;21;940;1;1;1;1.0;2.0;186;RD116 PanONF à rte Butte;;;;770
201000043246;10;6;24;2140;5;2;1;1.0;7.0;14;16, GARE (RUE DE LA);;;;770
201000043252;10;7;20;955;1;1;1;1.0;2.0;186;RD148 carrefour DIANE à;;;;770
201000043253;10;7;28;1240;1;2;1;1.0;7.0;533;19, HERICY (ROUTE D');;;;770
201000043260;10;9;11;2045;2;1;1;1.0;2.0;186;D606 de l'obélisque à li;;;;770
201000043264;10;10;31;1120;1;2;1;1.0;6.0;37;16, GALLIENI (AVENUE);;;;770
201000043270;10;11;30;1110;1;2;1;8.0;2.0;186;65, SAINT HONORE (RUE);;;;770
201000043271;10;11;30;2135;5;2;6;1.0;3.0;14;34 bis, VIADUC (RUE DU);;;;770
201000043274;10;6;7;1050;1;2;1;1.0;2.0;464;121, CLAYE  (RUE DE  );;;;770
201000043278;10;11;28;645;3;1;1;1.0;6.0;85;RD231;;;;770
201000043304;10;6;5;2355;5;2;1;1.0;2.0;284;15, TESSAN (RUE FRANCOIS;;;;770
201000043328;10;12;30;1730;3;1;1;8.0;2.0;255;ROUTE DEPARTEMENTALE 39;;;;770
201000043346;10;4;18;2125;3;1;1;1.0;2.0;255;D 39;;;;770
201000043373;10;9;14;1540;1;2;1;1.0;6.0;285;MARE AU DIABLE (ALLEE DE;;;;770
201000043384;10;11;8;1300;1;2;1;3.0;7.0;407;LIBERATION(RUE DE LA)- T;;;;770
201000043430;10;4;14;1515;1;1;1;1.0;7.0;114;RD 216;;;;770
201000043452;10;11;19;1805;3;1;1;1.0;6.0;180;CLOS (CHEMIN DES);;;;770
201000043454;10;11;23;1830;5;2;6;1.0;1.0;122;QUINCY(AVENUE DE);;;;770
201000043499;10;1;5;1140;1;2;6;9.0;3.0;146;VIEILLES VIGNES (ROND-PO;;;;770
201000043500;10;1;2;710;5;2;2;1.0;3.0;468;JACQUES PREVERT (AVENUE);;;;770
201000043508;10;6;3;1250;1;2;9;1.0;3.0;468;8, GEORGES BRASSENS (AVE;;;;770
201000043516;10;8;17;1400;1;2;3;8.0;3.0;468;JEAN MOULIN (AVENUE);;;;770
201000043526;10;10;7;1640;1;2;3;7.0;3.0;146;21, VIEILLES VIGNES (RUE;;;;770
201000043547;10;4;5;1215;1;2;4;1.0;3.0;249;SCHUMANN (RUE ROBERT);;;;770
201000043553;10;5;17;1740;1;2;1;1.0;3.0;350;30, CONCORDE (RUE DE LA);;;;770
201000043563;10;8;9;1435;1;2;1;1.0;1.0;373;1, CAMINHA (AVENUE DE);;;;770
201000043572;10;10;25;1530;1;2;1;1.0;3.0;390;PIERRE MENDES FRANCE (AV;;;;770
201000043592;10;5;24;1520;1;2;1;1.0;1.0;514;MARCHE (PLACE DU);;;;770
201000043594;10;7;8;1925;1;1;9;1.0;5.0;514;ROUTE NATIONALE 3;;;;770
201000043616;10;6;7;1640;1;1;1;1.0;6.0;15;RD 55;M;4899190.0;206001.0;780
201000043621;10;10;20;1210;1;1;4;1.0;3.0;172;RN 184;;;;780
201000043624;10;9;21;1859;2;2;2;1.0;3.0;172;0, FRANCE (RUE ANATOLE);;;;780
201000043652;10;10;30;1540;1;2;1;8.0;6.0;168;NATIONALE 10 (ROUTE);;;;780
201000043662;10;1;29;815;1;2;1;2.0;3.0;423;AV DE KIERSPE;M;4876380.0;203628.0;780
201000043669;10;3;23;1040;1;2;2;1.0;3.0;688;RD 36;M;4876240.0;204427.0;780
201000043682;10;6;2;1925;1;2;6;1.0;6.0;297;BD JEAN JAURES;M;4877540.0;207334.0;780
201000043688;10;7;1;1820;1;2;1;1.0;3.0;297;BD D'ALEMBERT;M;4877980.0;204364.0;780
201000043689;10;7;7;2125;2;2;1;7.0;6.0;423;R JP TIMBAUD;M;4879190.0;203562.0;780
201000043691;10;7;12;1645;1;2;1;1.0;3.0;688;125 AV J KESSEL;M;4876530.0;205937.0;780
201000043697;10;9;7;1000;1;2;1;1.0;6.0;423;KESSEL (AVENUE JOSEPH);;;;780
201000043699;10;9;10;1600;1;2;1;1.0;6.0;297;GOLF (AVENUE DU);;;;780
201000043709;10;10;24;1600;1;2;1;1.0;6.0;297;AVENUE DE L'EUROPE;;;;780
201000043717;10;3;23;1315;1;2;3;1.0;3.0;311;576, RUE AMBROISE PARE;M;4893030.0;220250.0;780
201000043733;10;10;8;1715;1;2;1;1.0;2.0;311;EMILE ZOLA (BOULEVARD) -;;;;780
201000043774;10;5;19;1255;1;2;1;1.0;3.0;267;11 R PIERRE ANDRE;M;4898940.0;180895.0;780
201000043782;10;6;13;1110;1;2;6;1.0;6.0;335;PLACE DE LA LIBERATION;M;4897970.0;175562.0;780
201000043787;10;7;8;730;1;2;9;1.0;6.0;402;RD  113;M;4896210.0;179866.0;780
201000043838;10;1;6;810;2;2;2;1.0;3.0;299;R DU BIGNON/RD 190;M;4900490.0;190125.0;780
201000043860;10;5;6;1350;1;2;3;1.0;3.0;440;R HILDEBERT DUVAL/CARNOT;M;4899280.0;190869.0;780
201000043863;10;5;13;1000;1;2;1;1.0;4.0;638;R DU GAL DE GAULLE;M;4900510.0;196568.0;780
201000043875;10;7;23;1220;1;2;6;1.0;3.0;440;AV MAL FOCH;M;4898370.0;189215.0;780
201000043878;10;8;5;1830;1;2;1;1.0;3.0;440;R DES PERCLAIRS;M;4899040.0;190271.0;780
201000043886;10;8;31;1930;1;2;3;1.0;3.0;440;ALL BALANCELLES/FREGATE;M;4900000.0;191811.0;780
201000043902;10;11;26;1300;1;2;1;1.0;2.0;238;RENAULT (ROUTE DE);;;;780
201000043936;10;4;7;1710;1;2;6;1.0;3.0;674;RD 98;M;4882990.0;199540.0;780
201000043949;10;6;8;1945;1;2;1;1.0;2.0;165;1 R JACQUES DUCLOS;M;4882350.0;197587.0;780
201000043956;10;7;8;1015;1;1;1;1.0;7.0;674;RD 97;M;4884180.0;200705.0;780
201000043957;10;7;19;1740;1;2;2;1.0;3.0;165;ALL LANGLOIS/DES CHARMES;M;4881880.0;198693.0;780
201000043959;10;8;27;1455;1;2;3;1.0;3.0;674;R FRANCINE/DES PIVOINES;M;4883470.0;201061.0;780
201000043960;10;9;5;1845;1;2;1;1.0;5.0;490;28, GARE (RUE DE LA);;;;780
201000043964;10;10;3;920;1;1;1;1.0;7.0;674;35, SAINT NOM LA BRETECH;;;;780
201000043973;10;11;19;1605;1;2;6;1.0;3.0;165;FALCONNIER (RUE JEAN);;;;780
201000043974;10;12;16;803;5;2;3;2.0;3.0;674;GENERAL DE GAULLE (AVENU;;;;780
201000043978;10;1;30;1915;5;2;2;1.0;3.0;672;AV G CLEMENCEAU;M;4893490.0;199956.0;780
201000043985;10;3;29;830;1;2;1;2.0;2.0;642;9 BIS, RUE DES VIGNES;M;4897860.0;197129.0;780
201000044001;10;6;16;1545;1;2;3;1.0;3.0;624;R DE L'HAUTIL/GALIENI;M;4898320.0;200483.0;780
201000044009;10;6;26;2105;1;2;1;1.0;6.0;123;4 ALL DES TULIPES;M;4894220.0;202105.0;780
201000044058;10;5;30;1920;1;2;3;1.0;7.0;624;54 R LECLERC;M;4898790.0;200785.0;780
201000044069;10;7;23;1015;1;1;1;1.0;2.0;123;RTE ANDRESY;M;4895640.0;204264.0;780
201000044101;10;4;18;1100;1;2;6;1.0;3.0;517;133 R G. LENOTRE;M;4862300.0;182243.0;780
201000044130;10;2;7;1150;1;2;1;2.0;6.0;242;RUE CESAR FRANCK;M;4881000.0;205091.0;780
201000044160;10;6;4;1010;1;2;9;1.0;3.0;551;RN 13;M;4890090.0;206354.0;780
201000044161;10;6;22;1113;1;2;3;1.0;6.0;551;R LEON DESOYER/D'ALGER;M;4889970.0;208476.0;780
201000044194;10;4;17;1130;1;2;1;1.0;6.0;586;8 AV REPUBLIQUE;M;4893740.0;215616.0;780
201000044198;10;6;3;1945;1;2;3;1.0;3.0;586;AV TOBROUK/PARMENTIER;M;4893040.0;216334.0;780
201000044239;10;10;6;1235;1;2;3;1.0;6.0;621;DEPARTEMENTALE 912 (ROUT;;;;780
201000044253;10;2;24;1723;1;2;1;8.0;6.0;322;74, RUE DE GAULLE;M;4876980.0;214874.0;780
201000044255;10;3;18;710;1;1;6;1.0;7.0;640;02, CHEMIN DE GISY;M;4878330.0;220595.0;780
201000044256;10;3;22;1235;1;2;1;1.0;3.0;686;150 AV DU GAL LECLERC;M;4880380.0;216738.0;780
201000044257;10;3;23;1940;5;2;1;1.0;2.0;686;104, R PAVE DE MEUDON;M;4879840.0;216748.0;780
201000044261;10;4;13;1840;1;2;1;1.0;3.0;322;5, LIBERATION (RUE DE LA;;;;780
201000044274;10;8;22;1055;1;2;3;1.0;3.0;322;AV JEAN JAURES/OBERKAMPF;M;4876490.0;216809.0;780
201000044276;10;6;30;950;1;2;1;1.0;3.0;686;238 AV GENERAL LECLERC;M;4879930.0;215961.0;780
201000044288;10;1;12;1700;1;2;1;1.0;6.0;646;17 R DES TOURNELLES;M;4879800.0;212751.0;780
201000044293;10;3;4;1630;1;2;6;1.0;3.0;646;BD ST ANTOINE;M;4881530.0;212856.0;780
201000044317;10;6;11;1420;1;2;6;1.0;3.0;646;R CHP LAGARDE/RD PT VIEL;M;4880250.0;215295.0;780
201000044329;10;8;19;1645;1;2;1;1.0;3.0;158;5 AV DR SCHWEITZER;M;4882710.0;211634.0;780
201000044333;10;9;13;850;1;2;1;1.0;3.0;646;19, PARIS (AVENUE DE);;;;780
201000044365;10;2;3;755;1;2;1;1.0;6.0;650;122 BD CARNOT;M;4889800.0;211430.0;780
201000044377;10;9;30;820;1;2;7;8.0;3.0;650;0, ROYAL (ROND-POINT);;;;780
201000044418;10;5;10;1410;1;2;3;1.0;3.0;191;RUE DE BURGONCE;;;;790
201000044419;10;5;15;1500;1;2;1;1.0;3.0;191;372 AVENUE DE LIMOGES;;;;790
201000044438;10;9;18;1440;1;2;3;1.0;6.0;191;18 RUE SAINT-JEAN;;;;790
201000044444;10;10;27;147;5;2;1;1.0;7.0;191;8 PLACE DU TEMPLE;;;;790
201000044446;10;12;15;1900;5;2;2;8.0;3.0;191;RUE SAINT-JEAN;;;;790
201000044450;10;1;19;1725;1;2;1;1.0;6.0;329;18 RUE PORTE DE PARIS;;;;790
201000044461;10;6;29;905;1;2;2;1.0;3.0;329;RUE REJANE;;;;790
201000044473;10;9;24;830;1;2;1;1.0;2.0;329;6 TER RUE ANATOLE FRANCE;;;;790
201000044479;10;11;5;855;1;2;9;8.0;3.0;329;AV MARTYRS DE LA RESISTA;;;;790
201000044489;10;9;9;1935;1;2;9;1.0;6.0;1;AMIENS (d');;;;800
201000044591;10;4;14;1400;1;2;1;1.0;1.0;21;07, MOULIN (RUE DU);;;;800
201000044596;10;4;19;1405;1;2;6;1.0;3.0;21;RUE G. CLEMENCEAU;;;;800
201000044604;10;4;22;820;1;2;6;1.0;3.0;21;00, ALEXANDRE DUMAS (RUE;;;;800
201000044616;10;5;10;1945;1;2;1;1.0;3.0;21;, CHARLES DE FOUCAULD;;;;800
201000044619;10;5;8;1050;1;2;1;1.0;3.0;21;00, ALPHONSE FIQUET (PLA;;;;800
201000044626;10;5;12;1830;1;2;3;1.0;3.0;21;00, LOUIS RUFFEL (RUE);;;;800
201000044628;10;5;18;1745;1;2;1;1.0;3.0;21;267, ABBEVILLE (RUE D');;;;800
201000044639;10;5;27;1210;1;2;2;1.0;3.0;21;00, MILLEVOYE (RUE);;;;800
201000044651;10;6;6;1555;1;2;1;1.0;3.0;21;PARMENTIER (PLACE);;;;800
201000044656;10;6;11;1320;1;2;1;1.0;3.0;21;10, ROGER DUMOULIN (AVEN;;;;800
201000044674;10;6;25;1400;1;2;1;1.0;3.0;21;00, JULES FERRY (CHAUSSE;;;;800
201000044683;10;6;29;1635;1;2;1;1.0;3.0;21;00, VAUX (RUE DE );;;;800
201000044684;10;7;7;1748;1;2;1;1.0;6.0;21;rue condorcet;;;;800
201000044686;10;7;2;1610;1;2;1;2.0;3.0;21;00, GEORGES POMPIDOU (AV;;;;800
201000044697;10;7;18;2010;1;2;1;1.0;1.0;21;00, EMILE THUILLIEZ (SQU;;;;800
201000044700;10;7;20;2040;1;1;6;1.0;3.0;489;00, PIERRE SEMART (RUE);;;;800
201000044709;10;8;6;1653;1;2;3;1.0;3.0;21;00, JEAN JAURES (RUE);;;;800
201000044713;10;8;11;950;1;2;6;2.0;3.0;21;00, FRANKLIN ROOSEVELT (;;;;800
201000044719;10;8;21;1150;1;2;1;1.0;6.0;21;39, TROIS CAILLOUX (RUE;;;;800
201000044726;10;9;1;1735;1;2;3;1.0;1.0;489;13, GRACCHUS BABEUF (RUE;;;;800
201000044728;10;9;2;1600;1;2;1;1.0;3.0;724;25, CONTY (ROUTE DE);;;;800
201000044736;10;9;8;650;2;2;6;3.0;3.0;21;00, GEORGES CLEMENCEAU (;;;;800
201000044737;10;9;10;1200;1;2;2;1.0;3.0;21;00, SAINT MAURICE (RUE);;;;800
201000044746;10;9;15;1810;1;2;1;1.0;6.0;21;00, GEORGES GUYNEMER (RU;;;;800
201000044765;10;10;11;1515;1;1;1;1.0;3.0;21;00, ROUEN (RUE DE);;;;800
201000044798;10;11;9;1755;5;2;1;2.0;2.0;21;00, BICETRE (ALLEE DU);;;;800
201000044812;10;11;26;1720;5;2;2;1.0;3.0;21;00, ALBERT 1ER (MAIL);;;;800
201000044831;10;12;13;1100;1;2;2;1.0;6.0;21;00, ANDRE CHENIER (RUE);;;;800
201000044847;10;5;12;820;1;2;3;2.0;3.0;4;RIEUX (AV JEAN);;;;810
201000044869;10;9;15;915;1;1;3;1.0;2.0;105;LEZIGNAC;M;4376620.0;197209.0;810
201000044907;10;1;13;1805;3;2;3;1.0;3.0;121;0, BRIAND (RUE ARISTIDE);;;;820
201000044927;10;3;24;1710;1;2;1;1.0;3.0;121;0, HAMECHER (AVENUE MARC;;;;820
201000044929;10;4;8;1806;1;1;3;1.0;3.0;121;0, SAINT-MARTIAL D 8 (RO;;;;820
201000044941;10;6;24;1805;1;2;1;1.0;6.0;121;40, AURIOL (BOULEVARD VI;;;;820
201000044980;10;12;2;925;1;2;6;1.0;6.0;121;0, GAMBETTA (AVENUE);;;;820
201000044993;10;2;9;1255;1;2;6;1.0;3.0;50;BOUALAM(ROND POINT BACHA;;;;830
201000045018;10;10;11;1245;1;2;6;3.0;3.0;50;FERRY(AVENUE JULES);;;;830
201000045024;10;12;11;1137;1;1;1;1.0;3.0;118;0, BOULEVARD DE LA BAUME;;;;830
201000045041;10;3;4;1610;1;2;1;1.0;3.0;61;0, AVENUE EUGÈNE JOLY;;;;830
201000045051;10;6;4;1451;1;2;1;1.0;3.0;61;1140, AVENUE DE PROVENCE;;;;830
201000045068;10;8;4;640;2;1;1;1.0;1.0;118;0, BOULEVARD EUGÈNE BRIE;;;;830
201000045104;10;4;13;2240;5;2;1;1.0;6.0;69;BELLAGUET (ALLEE VICTOR;;;;830
201000045112;10;5;15;1100;1;2;2;1.0;3.0;69;1, MICHELET (RUE);;;;830
201000045147;10;5;12;840;1;2;6;1.0;3.0;129;008, MER (AVENUE DE LA);;;;830
201000045148;10;5;20;835;1;2;3;1.0;3.0;129;0000, CROS (CORNICHE DU);;;;830
201000045155;10;6;8;1840;1;2;1;1.0;6.0;129;000, LYCEE DE LA COUDOUL;;;;830
201000045172;10;8;21;915;1;2;1;1.0;6.0;123;000, BUGE (CHEMIN DE LA);;;;830
201000045176;10;9;10;1815;1;2;3;1.0;3.0;129;000, CABRY (BD DE);;;;830
201000045190;10;11;5;1800;5;2;3;1.0;3.0;123;00, TOULON (ANCIEN CHEMI;;;;830
201000045198;10;12;10;1600;1;2;1;1.0;6.0;129;000, TRAITE DE L'ELYSEE;;;;830
201000045263;10;6;29;905;1;2;1;1.0;2.0;126;1, PERI (QUAI GABRIEL);;;;830
201000045285;10;10;15;922;1;2;6;9.0;7.0;126;1, RENOIR (AV AUGUSTE);;;;830
201000045318;10;1;21;1610;1;2;3;1.0;3.0;62;POUVEREL (CHEMIN DU);;;;830
201000045341;10;3;10;745;1;2;3;8.0;3.0;62;JAURES (AVENUE JEAN);;;;830
201000045355;10;3;12;755;1;2;1;1.0;2.0;137;LECLERC (AVE GENERAL);;;;830
201000045360;10;3;24;1040;1;2;1;1.0;6.0;137;1899, PICOT (AVE DU COLO;;;;830
201000045377;10;4;9;2010;2;2;1;1.0;3.0;62;GANCE (AVENUE ABEL);;;;830
201000045409;10;5;15;1130;1;1;1;1.0;7.0;90;3500, GROS CERVEAU (ROUT;;;;830
201000045424;10;5;25;1835;1;2;2;1.0;3.0;137;220, PLAISANCE (ROUTE DE;;;;830
201000045435;10;5;28;1950;1;2;1;1.0;3.0;137;2751, RESISTANCE (AVE /;;;;830
201000045447;10;6;21;1710;1;2;1;1.0;1.0;137;1219, BON RENCONTRE (RON;;;;830
201000045449;10;6;27;2000;1;2;1;1.0;5.0;137;BRIAND (AVE ARISTIDE DE;;;;830
201000045476;10;7;14;1340;1;2;2;1.0;3.0;137;PICON (BD LOUIS);;;;830
201000045491;10;7;30;920;1;2;1;1.0;2.0;137;ARMEE D'AFRIQUE (ALLEE);;;;830
201000045501;10;8;8;930;1;2;3;1.0;3.0;137;455, MONTSERRAT (RUE / L;;;;830
201000045503;10;8;12;1345;1;2;1;1.0;1.0;90;170, GARE (ROUTE DE LA);;;;830
201000045506;10;8;18;1055;1;2;1;1.0;3.0;137;TIRAILLEURS SENEGALAIS (;;;;830
201000045535;10;9;15;740;1;2;1;1.0;3.0;137;262, NOMY (RUE AMIRAL);;;;830
201000045556;10;9;27;745;1;2;3;1.0;3.0;137;3EME RGT DES TIRAILLEURS;;;;830
201000045559;10;9;26;1152;1;1;1;1.0;5.0;90;GROS CERVEAU (ROUTE DU);;;;830
201000045572;10;10;15;1845;3;2;1;1.0;3.0;144;LIBERATION (AVE DE LA);;;;830
201000045576;10;10;26;1220;1;2;6;1.0;3.0;137;GRENIER (QUAI EMILE);;;;830
201000045580;10;10;28;1150;1;2;6;1.0;3.0;137;SCARONNE (ROND POINT G.J;;;;830
201000045725;10;9;4;810;1;2;1;1.0;7.0;7;13, SIXTE ISNARD (Boulev;;;;840
201000045742;10;3;19;1325;1;2;1;1.0;6.0;31;29, NOTRE DAME DE SANTE;;;;840
201000045757;10;6;15;755;1;2;1;3.0;3.0;35;PONCE (AVENUE PAUL);;;;840
201000045773;10;3;22;1945;1;1;3;1.0;6.0;87;01, ROARD (CHEMIN);;;;840
201000045777;10;4;2;600;5;2;1;1.0;6.0;87;240, PRINCES DES BAUX (D;;;;840
201000045784;10;12;16;945;1;1;1;1.0;6.0;87;FOURCHESVIEILLES (AVENUE;;;;840
201000045787;10;3;15;1615;1;2;1;1.0;2.0;89;AIX EN PROVENCE(ROUTE D';;;;840
201000045808;10;6;30;1720;1;1;1;1.0;6.0;191;rue georges mazurelle;;;;850
201000045809;10;7;15;1;5;2;4;8.0;3.0;191;RUE GEORGES POMPIDOU;;;;850
201000045811;10;7;13;1220;1;2;6;1.0;3.0;191;5 PRAIRIAL AN XII;;;;850
201000045818;10;9;16;730;1;2;1;1.0;2.0;191;RUE DE GAULLE;M;4667145.0;-142312.0;850
201000045837;10;3;26;1430;1;2;6;1.0;7.0;194;Avenue d'Aquitaine;;;;850
201000045848;10;6;30;920;1;2;1;1.0;3.0;60;Parking Intermarché;M;4649332.0;-174914.0;850
201000045851;10;7;13;1800;1;2;1;1.0;3.0;194;Bv. Ile de Vertime;M;4650302.0;-178728.0;850
201000045855;10;8;25;437;5;2;1;1.0;6.0;194;Quai Albert Prouteau;M;4650266.0;-179480.0;850
201000045857;10;8;31;855;1;2;1;1.0;2.0;194;5 promenade Lafargue;;;;850
201000045859;10;9;13;1405;1;2;6;1.0;3.0;166;Bv Eric Tabarly;;;;850
201000045861;10;10;11;1445;1;2;1;1.0;7.0;166;Av François Miterrand;;;;850
201000045887;10;10;1;1200;1;2;6;1.0;3.0;66;FAUVETTE (ROND POINT DE;;;;860
201000045901;10;1;27;1720;1;2;3;1.0;3.0;194;FAUBOURG PONT NEUF (RUE;;;;860
201000045902;10;2;1;830;2;2;6;1.0;6.0;194;4, JACQUES COEUR (AVENUE;;;;860
201000045906;10;2;9;915;1;2;1;4.0;6.0;194;60, JEAN JAURES (RUE);;;;860
201000045951;10;5;4;1835;1;2;1;1.0;3.0;194;27, SOLFERINO (BOULEVARD;;;;860
201000045969;10;6;3;1605;1;2;3;1.0;1.0;157;., LILAS (RUE DES);;;;860
201000045976;10;6;16;1430;1;2;1;1.0;3.0;194;5, RHIN ET DANUBE (AVENU;;;;860
201000045984;10;7;6;2025;1;2;3;2.0;3.0;194;GRAND RUE (RUE);;;;860
201000046007;10;9;6;1810;1;2;2;1.0;3.0;194;JOHN KENNEDY (AVENUE);;;;860
201000046039;10;10;31;2055;5;2;3;1.0;7.0;194;0, LAFAYETTE (AVENUE DE);;;;860
201000046041;10;11;5;1720;2;2;4;1.0;2.0;194;ROCADE EST (RD 162);;;;860
201000046046;10;11;10;850;1;2;3;1.0;3.0;194;CHAINE (RUE DE LA);;;;860
201000046063;10;12;13;905;1;2;3;1.0;3.0;194;MARCHE NOTRE DAME (RUE D;;;;860
201000046077;10;1;11;1611;1;2;1;1.0;6.0;85;50, FOUREST (RUE GEORGES;;;;870
201000046078;10;1;11;1444;1;2;1;1.0;6.0;85;RUE LOUVRIER DE LAJOLAIS;;;;870
201000046084;10;1;14;722;5;2;3;2.0;3.0;85;5, FEYTIAT (RUE DE);M;4582550.0;127884.0;870