Num_Acc;an;mois;jour;hrmn;lum;agg;int;atm;col;com;adr;gps;lat;long;dep
201000046089;10;1;22;1435;1;2;1;1.0;6.0;85;1, MENDES FRANCE (RUE PI;;;;870
201000046128;10;2;25;1840;5;2;2;3.0;3.0;65;RD 704;M;4579400.0;129533.0;870
201000046133;10;3;1;1121;1;2;4;1.0;3.0;85;47, TOULOUSE (RUE DE);;;;870
201000046171;10;3;29;1902;1;2;9;1.0;3.0;85;38, BRANTOME (RUE DE);;;;870
201000046200;10;4;26;1655;1;2;1;1.0;6.0;85;9, GAMBETTA (BOULEVARD);;;;870
201000046208;10;4;29;2018;1;2;1;1.0;1.0;85;28, DELAGE (FIRMIN);;;;870
201000046230;10;5;26;1700;1;2;3;1.0;3.0;85;11, PETIT TOUR (RUE DU);;;;870
201000046231;10;5;26;1730;1;2;1;1.0;3.0;85;178, PERRIN (RUE FRANCOI;;;;870
201000046246;10;6;5;747;1;2;1;1.0;7.0;85;18, SABLARD (AVENUE DE);;;;870
201000046286;10;7;5;748;1;2;1;1.0;6.0;85;140, BAUDIN ( AVENUE) (V;;;;870
201000046294;10;7;10;916;1;1;1;1.0;6.0;75;D74;M;4578540.0;120807.0;870
201000046324;10;8;3;1620;1;2;2;1.0;3.0;85;55, GEORGES GUINGOUIN(RU;M;4590280.0;129652.0;870
201000046325;10;8;7;2010;1;2;1;1.0;3.0;85;20, MADOUMIER (RUE MARCE;;;;870
201000046332;10;8;17;1742;1;2;1;1.0;6.0;85;17, JOUHAUD (RUE DU DOCT;M;0.0;0.0;870
201000046395;10;9;26;1325;1;1;1;1.0;1.0;75;D20;M;4580940.0;116306.0;870
201000046465;10;11;12;1834;5;2;2;1.0;3.0;85;63, BARBES (RUE ARMAND);M;0.0;0.0;870
201000046541;10;4;8;920;1;2;3;2.0;3.0;160;16, FRIESENHAUSER (RUE D;M;4817490.0;645244.0;880
201000046546;10;5;17;1030;1;2;1;1.0;6.0;160;06, BARTHOU (RUE LOUIS-);M;4819020.0;644849.0;880
201000046549;10;6;23;1320;1;2;1;1.0;6.0;209;RUE DE LA CONVIVIALITE;M;4818410.0;642646.0;880
201000046601;10;8;8;1820;1;2;1;1.0;3.0;413;1, AVENUE LEON GRANDJEAN;M;4829050.0;693985.0;880
201000046609;10;11;9;1135;1;2;2;1.0;1.0;413;RUE STANISLAS;M;4828700.0;694857.0;880
201000046634;10;5;23;1120;1;2;1;1.0;6.0;24;00, TOUCY (ROUTE DE);;;;890
201000046644;10;3;1;1700;1;2;1;1.0;2.0;387;0, PEPINIERE (RUE DE LA);;;;890
201000046659;10;9;7;940;1;2;1;1.0;2.0;387;0, VICTOR GUICHARD (RUE);;;;890
201000046682;10;2;1;910;1;2;3;1.0;3.0;10;KENNEDY (BOULEVARD);;;;900
201000046693;10;3;15;905;1;2;1;1.0;6.0;10;17, BRISACH (AVENUE DE);;;;900
201000046708;10;4;12;1205;1;2;1;1.0;3.0;10;1, MOULIN (AVENUE JEAN);;;;900
201000046713;10;4;29;2149;5;2;1;1.0;7.0;10;1, LYON (FAUBOURG DE);;;;900
201000046721;10;5;25;1800;1;2;1;1.0;3.0;10;1, DANJOUTIN (RUE DE);;;;900
201000046726;10;6;1;1100;1;2;1;1.0;3.0;99;15, THOMAS (RUE ALBERT);;;;900
201000046727;10;6;1;1130;1;2;1;1.0;6.0;10;1, DOREY (RUE);;;;900
201000046730;10;6;9;938;1;2;1;1.0;2.0;32;1, BOSMONT (RUE DU);;;;900
201000046733;10;6;12;1135;1;2;1;1.0;6.0;10;21, ALBERT 1ER (RUE);;;;900
201000046749;10;7;17;916;1;2;1;1.0;6.0;29;17, FROSSARD (RUE);;;;900
201000046767;10;8;26;1725;1;2;1;1.0;1.0;1;1, BALLASTIERES (RUE DES;;;;900
201000046785;10;9;14;1740;1;2;3;1.0;6.0;10;1, REMPARTS (RUE SOUS LE;;;;900
201000046787;10;9;20;1155;1;2;1;1.0;3.0;10;PREMIERE ARMEE FRANCAISE;;;;900
201000046800;10;10;10;1150;1;2;6;1.0;3.0;32;D47A;;;;900
201000046823;10;11;11;1910;5;2;1;3.0;3.0;10;1, VOLTAIRE (RUE );;;;900
201000046865;10;4;30;1850;1;1;1;1.0;2.0;339;RN 20;;;;910
201000046872;10;6;5;1340;1;1;1;1.0;1.0;103;X, FERTE ALAIS (CHEMIN;;;;910
201000046879;10;7;4;2000;1;2;1;1.0;3.0;103;X, ALLENDE SALVADOR (RUE;;;;910
201000046885;10;7;28;1830;1;2;1;1.0;3.0;425;X, BOURGUIGNONS (RUE DES;;;;910
201000046895;10;8;31;1110;1;2;1;1.0;2.0;425;X, BOURGUIGNONS (RUE DES;;;;910
201000046927;10;4;12;830;1;2;6;1.0;6.0;479;0, LECORRE (PLACE PIERRE;;;;910
201000046938;10;10;9;1735;1;1;1;1.0;6.0;479;0, FONTAINEBLEAU (BOULEV;;;;910
201000046940;10;10;20;1755;1;2;1;1.0;6.0;27;AV ARISTIDE BRIAND;;;;910
201000046961;10;4;17;1615;1;2;1;1.0;3.0;215;SAINTE GENEVIEVE (RUE);;;;910
201000046964;10;4;27;1630;1;2;1;1.0;3.0;114;CHARLES DE GAULLE;;;;910
201000046982;10;8;19;1400;1;2;1;1.0;1.0;215;ALEXANDRE DUMAS (RUE);;;;910
201000046989;10;9;11;1520;1;2;2;1.0;3.0;114;FORET (AVENUE DE LA);;;;910
201000046995;10;10;11;1845;2;2;1;1.0;6.0;114;BRIE (ROUTE DE);;;;910
201000047010;10;2;24;1255;1;2;3;1.0;3.0;174;1, strathkelvin (avenue;;;;910
201000047026;10;8;23;1218;1;2;3;3.0;3.0;174;2, CARNOT(AVENUE);;;;910
201000047049;10;1;2;1925;3;2;1;1.0;2.0;201;REPUBLIQUE (PLACE DE LA);;;;910
201000047068;10;5;20;2050;2;2;1;1.0;2.0;657;PRESIDENT ROBERT LAKOTA;;;;910
201000047095;10;9;22;1900;1;2;1;1.0;3.0;657;MARCEL CACHIN (RUE);;;;910
201000047103;10;9;12;1110;1;2;6;1.0;6.0;657;TOURELLE (AVENUE DE LA );;;;910
201000047112;10;10;7;1720;1;2;2;1.0;3.0;201;GENERAL DE GAULLE(BOULEV;;;;910
201000047161;10;6;11;825;1;2;6;1.0;2.0;223;BONNEVAUX (AVENUE DE);;;;910
201000047166;10;7;6;1519;1;2;2;1.0;2.0;223;1, VICTOIRE (ALLEE DE LA;;;;910
201000047220;10;11;20;1000;1;1;1;1.0;7.0;223;01, DE GAULLE (AVENUE CH;;;;910
201000047267;10;6;1;1126;1;2;1;4.0;6.0;228;., CHAMPS ELYSEES (BD) N;;;;910
201000047269;10;6;11;1140;1;2;1;1.0;2.0;228;., YERRES (BD);;;;910
201000047306;10;5;24;1630;1;2;1;1.0;6.0;687;AMEDEE GORDINI (PLACE);;;;910
201000047327;10;11;25;1700;2;2;1;4.0;6.0;286;FERME NEUVE (RUE DE LA);;;;910
201000047331;10;4;16;1635;1;2;2;1.0;3.0;161;125, MASSY (ROUTE DE);;;;910
201000047385;10;7;6;730;1;1;1;1.0;6.0;191;ROUTE FORESTIERE;;;;910
201000047394;10;9;2;1745;1;2;1;1.0;3.0;191;28, JEAN JAURES (AVENUE);;;;910
201000047412;10;11;9;1645;1;2;1;2.0;6.0;421;BERANGER (RUE);;;;910
201000047416;10;11;23;1730;1;2;6;1.0;3.0;691;GAMBETTA(PLACE);;;;910
201000047418;10;11;29;1615;1;2;1;1.0;1.0;421;JEAN JAURES (AVENUE);;;;910
201000047461;10;4;15;1855;2;2;1;1.0;1.0;645;0, BAS PAYS (RUE DU);;;;910
201000047468;10;5;9;1750;1;2;1;1.0;3.0;122;0, PRE LAUNAY (DOMAINE D;;;;910
201000047486;10;6;30;1740;1;2;1;1.0;7.0;477;0, GUSTAVE FLAUBERT (RUE;;;;910
201000047499;10;8;21;900;1;2;6;1.0;3.0;645;0, GATINES (ROUTE DES);;;;910
201000047517;10;9;29;1130;1;2;3;1.0;3.0;64;PETIT BIEVRES (RUE DU);;;;910
201000047531;10;10;29;1615;1;2;3;1.0;1.0;477;0, DOCTEUR MORERE (RUE D;;;;910
201000047547;10;11;27;1135;1;1;1;1.0;2.0;692;OCEANIE (AVENUE DE L');;;;910
201000047590;10;5;25;800;1;2;1;1.0;3.0;570;CHENES VERTS (RUE);;;;910
201000047594;10;6;4;1655;1;2;2;1.0;3.0;549;PLATANES (RUE DES);;;;910
201000047599;10;7;4;2010;1;2;3;1.0;3.0;216;12, GRANDE RUE;;;;910
201000047626;10;9;19;1350;1;2;9;1.0;3.0;549;ROND POINT CD 117;;;;910
201000047633;10;10;11;1640;1;2;1;1.0;6.0;549;PIERRE MENDES-FRANCE (RU;;;;910
201000047640;10;11;15;945;1;2;6;1.0;3.0;570;00, PROCESSIONS (RUE);;;;910
201000047645;10;11;27;1720;5;2;2;1.0;3.0;216;CD 257;;;;910
201000047667;10;4;19;1455;1;2;1;1.0;2.0;432;DE GAULLE  (AVENUE CHARL;;;;910
201000047682;10;8;10;1900;1;2;1;1.0;1.0;589;CAPUCINES (RUE DES);;;;910
201000047737;10;1;14;1500;1;2;1;1.0;6.0;4;100, BOURGUIGNONS (RUE 2;;;;920
201000047790;10;6;12;1820;1;2;3;1.0;2.0;4;9, FAIDHERBE ( AVENUE );;;;920
201000047802;10;7;21;755;1;2;1;1.0;6.0;9;23, CHARLES-DE-GAULLE (;;;;920
201000047810;10;8;31;930;1;2;1;1.0;6.0;4;43, ARGENTEUIL AV D';;;;920
201000047815;10;9;15;1145;1;2;1;1.0;3.0;9;7, ESTIENNE D'ORVES ( RU;;;;920
201000047831;10;10;13;1530;1;2;1;1.0;6.0;9;R DU GENERAL LECLERC;;;;920
201000047834;10;10;21;905;1;2;3;1.0;3.0;4;PL DE VILLE/R S.CARNOT;;;;920
201000047843;10;11;19;1630;2;2;1;1.0;3.0;4;R DES BAS;;;;920
201000047854;10;12;13;835;2;2;4;1.0;3.0;4;DERVAUX/PONT D'ASNIERES;;;;920
201000047864;10;1;14;745;2;2;3;8.0;6.0;7;PORT GALAND (PLACE DU);;;;920
201000047875;10;4;7;750;1;2;6;1.0;2.0;7;BLAGIS (CARREFOUR DES);;;;920
201000047887;10;7;8;1840;1;2;1;1.0;6.0;7;29, PASTEUR (AVENUE LOUI;;;;920
201000047894;10;9;15;835;1;2;1;2.0;3.0;7;face 119, RAVERA (AVENUE;;;;920
201000047907;10;11;18;2025;5;2;1;2.0;6.0;7;6, PASTEUR (AVENUE LOUIS;;;;920
201000047939;10;2;22;1140;1;2;1;1.0;6.0;12;66, SILLY (RUE DE) 1/87;;;;920
201000047954;10;3;23;1910;2;2;2;1.0;1.0;12;CHARLES DE GAULLE (AVENU;;;;920
201000047960;10;4;14;850;1;2;1;1.0;3.0;12;67, VICTOR HUGO (AVENUE);;;;920
201000047969;10;5;4;1130;1;2;1;6.0;3.0;12;12, ANDRE MORIZET (AVENU;;;;920
201000047988;10;6;3;1500;1;2;1;1.0;6.0;12;73, SEVRES (RUE DE) 55BI;;;;920
201000048021;10;8;4;900;1;2;1;1.0;6.0;12;50, JEAN JAURES (BOULEVA;;;;920
201000048041;10;9;26;1110;1;2;6;1.0;3.0;12;ANCIENS COMBATTANT (ROND;;;;920
201000048047;10;9;29;1200;1;2;2;1.0;1.0;12;5, ANATOLE FRANCE (BOULE;;;;920
201000048056;10;10;25;950;1;2;1;1.0;3.0;12;R YVES KERMEN;;;;920
201000048071;10;11;10;920;1;2;1;1.0;3.0;12;151,R DE SILLY;;;;920
201000048073;10;11;10;1115;1;2;2;1.0;6.0;12;BD REPUBLIQUE/R DANJOU;;;;920
201000048103;10;1;29;1840;5;2;1;2.0;6.0;19;2, SULLY PRU'DHOMME (AVE;;;;920
201000048120;10;5;22;1250;1;2;1;1.0;6.0;19;COULEE VERTE;;;;920
201000048121;10;5;26;1720;1;2;2;2.0;3.0;19;SALENGRO ROGER (RUE);;;;920
201000048124;10;6;5;1040;1;2;6;1.0;3.0;19;ALLENDE SALVATOR (CARREF;;;;920
201000048135;10;9;2;840;1;1;1;7.0;6.0;19;1, SULLY PRU'DHOMME (AVE;;;;920
201000048136;10;9;16;820;1;2;2;1.0;3.0;71;CLEMENCEAU GEORGES (AVEN;;;;920
201000048145;10;10;21;1020;1;2;1;1.0;1.0;19;AV DU PLESSIS;;;;920
201000048162;10;1;20;820;1;2;1;3.0;6.0;60;CHARLES DE GAULLE (AVENU;;;;920
201000048190;10;5;24;1905;1;2;2;1.0;2.0;23;PAUL VAILLANT COUTURIER;;;;920
201000048201;10;6;28;1140;1;2;2;1.0;3.0;60;CHARLES DE GAULLE (AVENU;;;;920
201000048202;10;6;28;1405;1;2;1;7.0;3.0;23;PLAINE (RUE DE LA);;;;920
201000048204;10;7;1;1220;1;2;1;1.0;3.0;23;PORTE DE TRIVAUX (RUE DE;;;;920
201000048231;10;9;19;1110;1;2;4;1.0;3.0;60;95, MALABRY (RUE DE) N°1;;;;920
201000048233;10;9;29;1030;1;2;4;1.0;3.0;23;., GENERAL EISENHOWER (A;;;;920
201000048235;10;10;17;145;5;2;2;1.0;2.0;23;AV H.BARBUSSE/R R.BATANY;;;;920
201000048282;10;4;12;1825;1;2;1;1.0;3.0;24;104, MARTRE (RUE) DE (59;;;;920
201000048308;10;6;17;1235;1;2;1;1.0;3.0;24;57, HENRI BARBUSSE (RUE);;;;920
201000048342;10;9;30;1000;1;2;2;1.0;3.0;24;56, JEAN JAURES (BD) DE;;;;920
201000048348;10;10;10;1545;1;2;1;1.0;3.0;24;36, HENRI BARBUSSE (RUE);;;;920
201000048411;10;9;6;1730;1;2;1;1.0;1.0;25;173, STALINGRAD (AV DE);;;;920
201000048418;10;9;17;830;1;2;1;1.0;2.0;25;54, ARISTIDE BRIAND (RUE;;;;920
201000048427;10;10;6;1635;1;2;2;2.0;3.0;25;R S.ALLENDE/R L'EGALITE;;;;920
201000048439;10;11;21;1920;5;2;1;2.0;3.0;25;108, R BERANGER;;;;920
201000048465;10;2;5;1715;1;2;5;1.0;3.0;26;JEAN MERMOZ (SQUARE ET P;;;;920
201000048476;10;3;3;1745;1;2;1;1.0;7.0;26;108, MARECHAL JOFFRE (QU;;;;920
201000048501;10;5;11;1800;1;2;1;2.0;7.0;26;2, ROUGET DE LISLE;;;;920
201000048522;10;7;1;950;1;2;2;1.0;7.0;26;VICTOR HUGO (DE 01 A 45);;;;920
201000048525;10;7;2;1230;1;2;3;1.0;3.0;26;ARISTIDE BRIAND;;;;920
201000048529;10;7;20;1030;1;2;3;1.0;3.0;26;33, PRÉSIDENT PAUL DOUME;;;;920
201000048530;10;7;21;1530;1;2;3;1.0;6.0;26;SAINT DENIS BD (120 A 17;;;;920
201000048548;10;9;28;1715;1;2;2;1.0;3.0;26;MASSENET;;;;920
201000048554;10;10;12;2020;4;2;3;1.0;3.0;26;BD ST-DENIS/R DES AJOUX;;;;920
201000048562;10;11;18;1800;5;2;1;1.0;3.0;26;246, BD SAINT-DENIS;;;;920
201000048578;10;1;20;845;1;2;1;2.0;6.0;35;8, Arrivée ( rue de l' );;;;920
201000048599;10;6;20;1607;1;2;2;1.0;6.0;35;5, Joffre ( avenue );;;;920
201000048633;10;2;26;2255;5;2;9;1.0;3.0;36;0, GABRIEL PERI (AVENUE);;;;920
201000048638;10;3;22;1950;2;2;9;1.0;3.0;36;0, LAURENT CELY (AVENUE);;;;920
201000048661;10;7;6;2015;1;2;1;1.0;3.0;36;18, CHANDON (AVENUE) (2/;;;;920
201000048672;10;8;28;1515;1;2;9;1.0;3.0;36;0, PIERRE TIMBAUD (RUE);;;;920
201000048702;10;1;27;1405;1;2;1;1.0;3.0;40;NON RENSEI, JULES GEVELO;;;;920
201000048712;10;3;17;1220;1;2;1;1.0;6.0;40;33, ARISTIDE BRIAND;;;;920
201000048726;10;5;11;2040;1;2;1;1.0;6.0;40;75, GALLIENI (BOULEVARD);;;;920
201000048731;10;6;3;1845;1;2;1;1.0;1.0;40;24, GAMBETTA (BOULEVARD);;;;920
201000048754;10;8;28;1850;1;2;1;1.0;6.0;40;xxx, ROUGET DE L'ISLE;;;;920
201000048787;10;2;1;10;5;2;2;1.0;3.0;44;69, PIERRE BROSSOLETTE(R;;;;920
201000048828;10;6;28;1050;1;2;1;1.0;3.0;44;128, ANA.FRANCE(RUE) 141;;;;920
201000048832;10;7;5;2312;5;2;2;1.0;3.0;44;120, J. GUESDES(RUE)103A;;;;920
201000048884;10;5;15;1845;1;2;1;1.0;2.0;48;03, ROBERT SCHUMAN (AVEN;;;;920
201000048936;10;3;16;1015;1;2;1;1.0;7.0;49;209, BROSSOLETTE AVENUE;;;;920
201000048965;10;5;17;2030;1;2;6;1.0;3.0;20;25, EXUPERY AVENUE SAINT;;;;920
201000048968;10;5;26;844;1;2;1;1.0;6.0;49;53, ARNOUX AVENUE MAURIC;;;;920
201000049042;10;12;7;920;1;2;1;1.0;5.0;49;BARBES RUE;;;;920
201000049055;10;1;26;1745;5;2;1;8.0;2.0;50;FRACHON BENOIT AVENUE;;;;920
201000049062;10;2;19;905;1;2;1;7.0;3.0;50;125, JOLIOT CURIE F. ET;;;;920
201000049115;10;7;24;905;1;2;1;1.0;3.0;50;HAVRE BOULEVARD DU;;;;920
201000049129;10;9;1;1550;1;2;1;1.0;3.0;50;PICASSO PABLO AVENUE;;;;920
201000049181;10;1;16;1415;1;2;1;3.0;3.0;51;25, MONTROSIER (RUE);;;;920
201000049197;10;4;4;1200;1;2;1;8.0;3.0;51;18, MADELEINE MICHELIS (;;;;920
201000049201;10;4;17;1140;1;2;2;1.0;3.0;51;GENERAL LECLERC (BOULEVA;;;;920
201000049202;10;4;13;807;1;2;1;1.0;3.0;51;19, PAULINE BORGHESE (RU;;;;920
201000049218;10;5;11;1830;2;2;2;1.0;3.0;51;INKERMANN (BOULEVARD D');;;;920
201000049227;10;5;25;1310;1;2;1;1.0;6.0;51;, MADRID (AVENUE DE);;;;920
201000049236;10;6;26;1040;1;2;1;1.0;2.0;51;68, BOURDON (BOULEVARD);;;;920
201000049251;10;6;17;1700;1;2;1;1.0;3.0;51;1, RICHARD WALLACE (BOUL;;;;920
201000049258;10;8;25;1345;1;2;1;1.0;3.0;51;11, VICTOR HUGO (BOULEVA;;;;920
201000049271;10;9;17;935;1;2;1;1.0;6.0;51;61, CHATEAU (BOULEVARD D;;;;920
201000049273;10;10;1;1900;2;2;2;2.0;3.0;51;BD SAUSSAYE/BD ARGENSON;;;;920
201000049277;10;9;30;820;1;2;1;2.0;3.0;51;95, CHARLES DE GAULLE (A;;;;920
201000049284;10;10;12;1115;1;2;1;1.0;3.0;51;2,BD D'INKERMANN;;;;920
201000049304;10;11;25;745;2;2;1;2.0;3.0;51;28 BD DU CHATEAU;;;;920
201000049319;10;2;5;1710;1;2;3;1.0;1.0;62;00, CARTAULT (RUE);;;;920
201000049328;10;5;5;1910;1;2;2;1.0;2.0;62;5-7, BRAZZA (RUE);;;;920
201000049342;10;6;28;900;1;2;3;1.0;2.0;62;00, PUTEAUX (PONT DE);;;;920
201000049343;10;7;8;855;1;2;2;1.0;3.0;62;00, CONTRE ALLEE GENERAL;;;;920
201000049346;10;7;28;2015;1;2;1;1.0;2.0;62;164, VERDUN (RUE DE) N°;;;;920
201000049349;10;9;5;1200;1;2;1;1.0;6.0;62;00, DE DION BOUTON (QUAI;;;;920
201000049350;10;9;5;1400;1;2;1;1.0;6.0;62;52, DE DION BOUTON (QUAI;;;;920
201000049355;10;9;17;1500;1;2;3;1.0;6.0;62;00, GODEFROY (RUE) DU 1;;;;920
201000049359;10;10;4;825;1;2;2;3.0;3.0;62;BD R.WALLACE/R R GERHARD;;;;920
201000049361;10;10;9;1830;1;2;1;1.0;6.0;62;34, WALLACE (BD RICHARD);;;;920
201000049370;10;10;22;915;1;2;2;1.0;3.0;62;QU BOUTON/R PARMENTIER;;;;920
201000049406;10;4;23;2150;1;1;3;1.0;6.0;63;néant, HOPITAL STELL (BO;;;;920
201000049415;10;5;15;1640;1;1;1;1.0;6.0;63;néant, SAINT-CUCUFA (CHE;;;;920
201000049417;10;5;27;1610;1;2;1;2.0;6.0;63;91, DOUMER (AVENUE PAUL);;;;920
201000049418;10;5;31;855;1;2;1;1.0;3.0;63;HUGO (AVENUE VICTOR);;;;920
201000049424;10;6;21;1125;1;2;1;1.0;6.0;63;101, BONAPARTE (AVENUE N;;;;920
201000049426;10;6;27;1720;1;2;1;1.0;6.0;63;Néant, GRISE (CHEMIN DE;;;;920
201000049429;10;7;26;1925;1;2;1;1.0;6.0;63;44, CORIOLIS (RUE DU MAR;;;;920
201000049440;10;9;22;1015;1;2;1;1.0;1.0;63;Néant, CHATOU (PONT DE);;;;920
201000049443;10;10;7;1740;1;2;1;1.0;1.0;63;83, HUGO (AVENUE VICTOR);;;;920
201000049445;10;10;13;900;1;2;2;1.0;3.0;63;AV V.HUGO/R MARTIGNON;;;;920
201000049463;10;12;17;1030;1;2;1;1.0;3.0;63;AV NAPOLEON BONAPARTE;;;;920
201000049502;10;6;2;1500;1;2;1;1.0;6.0;33;4 TER, GENERAL DE GAULLE;;;;920
201000049504;10;6;5;1645;1;1;9;7.0;3.0;64;PARC SAINT CLOUD;;;;920
201000049517;10;7;6;1800;1;2;9;1.0;3.0;33;71, SURESNES;;;;920
201000049519;10;7;20;1515;1;2;3;1.0;3.0;64;CAMP CANADIEN;;;;920
201000049537;10;10;7;930;1;2;1;1.0;2.0;64;ROUTE DE PARIS A VERSAIL;;;;920
201000049549;10;12;1;1305;1;2;1;1.0;3.0;64;8, R EMILE VERHAEREN;;;;920
201000049578;10;3;29;1900;1;2;1;2.0;6.0;77;50, SEVRES (RUE DE);;;;920
201000049597;10;6;4;2000;1;2;2;1.0;2.0;22;., SALENGRO (AVENUE ROGE;;;;920
201000049599;10;6;14;1825;1;2;3;1.0;3.0;22;., JAURES (RUE JEAN);;;;920
201000049600;10;6;24;1000;1;2;1;1.0;2.0;72;04, GRANDE RUE;;;;920
201000049603;10;7;7;1105;1;2;1;1.0;6.0;72;., FONTAINES (RUE DES);;;;920
201000049609;10;8;11;1140;1;2;3;2.0;7.0;72;., FONTAINES (RUE DES);;;;920
201000049618;10;9;22;1030;1;2;6;1.0;6.0;72;22, EUROPE (AVENUE DE L';;;;920
201000049625;10;10;9;1035;1;2;2;1.0;2.0;77;., MARNES (RUE DE);;;;920
201000049632;10;11;1;1100;1;2;1;1.0;3.0;22;840, AV ROGER SALENGRO;;;;920
201000049660;10;4;13;1715;1;2;1;1.0;6.0;73;40, ROOSVELT (AVENUE FRA;;;;920
201000049670;10;6;5;1215;1;2;4;1.0;6.0;73;39, CARON (RUE ALBERT);;;;920
201000049685;10;8;29;1430;1;2;2;1.0;6.0;73;2-4, SELLIER (BOULEVARD;;;;920
201000049713;10;3;4;2020;5;1;2;1.0;6.0;46;PAUL BERT (RUE);;;;920
201000049734;10;6;29;1500;1;2;1;1.0;6.0;46;20, PIERRE BROSSOLETTE;;;;920
201000049740;10;8;2;150;5;2;1;1.0;2.0;46;134, PIERRE BROSSOLETTE;;;;920
201000049743;10;8;23;2040;1;2;1;1.0;6.0;46;106, DOUZE FEVRIER 1934;;;;920
201000049755;10;9;30;730;2;2;1;2.0;2.0;75;7, REPUBLIQUE (RUE DE LA;;;;920
201000049760;10;10;24;1500;1;2;3;2.0;3.0;46;53, PIERRE LAROUSSE (AVE;;;;920
201000049884;10;6;3;1650;1;2;1;1.0;6.0;1;143 AV VICTOR HUGO;M;4890970.0;237859.0;930
201000049888;10;6;16;815;1;2;2;1.0;3.0;1;53, HENRI BARBUSSE (RUE);M;4890510.0;238941.0;930
201000049960;10;11;10;1120;1;2;1;1.0;6.0;1;52, LANDY (RUE DU) 34/29;;;;930
201000049965;10;11;23;1555;1;2;2;1.0;3.0;1;SAINT DENIS (RUE DE);;;;930
201000049974;10;1;10;1705;5;2;1;4.0;3.0;5;BD GEORGES BRAQUE;M;4895670.0;247934.0;930
201000050032;10;6;4;1020;1;2;5;1.0;3.0;5;62, ANATOLE FRANCE (AVEN;M;4893750.0;249473.0;930
201000050047;10;7;10;2040;1;2;2;1.0;3.0;5;33-35, STRASBOURG (BOULE;;;;930
201000050105;10;12;2;1800;5;2;1;9.0;6.0;5;59, PREFET CHALEIL (CD44;;;;930
201000050119;10;9;5;1900;1;2;1;1.0;3.0;71;2, LUCIEN SPORTISS (RUE);;;;930
201000050133;10;3;24;1200;1;2;3;1.0;3.0;71;DUMONT D'URVILLE (AVENUE;M;4894530.0;251934.0;930
201000050155;10;8;18;1725;1;2;1;1.0;6.0;71;CANAL (ALLEE DU);;;;930
201000050173;10;12;19;1017;1;2;1;4.0;3.0;71;41, ANDRE ROUSSEAU (AVEN;;;;930
201000050199;10;4;24;2025;2;2;1;1.0;3.0;7;0.000, ARISTIDE BRIAND (;M;4894430.0;244728.0;930
201000050215;10;7;4;2020;1;2;1;1.0;2.0;7;"37, ""PIERRE SEMARD (RUE";;;;930
201000050248;10;1;14;1555;1;2;1;1.0;3.0;8;GROSLAY (CHEMIN DE) D20;M;4891620.0;247544.0;930
201000050266;10;3;29;1455;1;2;1;1.0;6.0;8;AV DU PRESIDENT SALVADOR;M;4890350.0;244563.0;930
201000050269;10;4;9;1845;1;2;6;1.0;3.0;8;19 MARS 1962 / L'UNION;M;4890890.0;244208.0;930
201000050303;10;8;31;1800;1;2;1;1.0;3.0;8;24, ARAGO (RUE);;;;930
201000050313;10;9;17;1200;1;2;3;1.0;3.0;8;JAURES (AVENUE JEAN);;;;930
201000050319;10;9;29;1;3;2;6;1.0;3.0;8;SEMARD (AVENUE PIERRE);;;;930
201000050322;10;10;8;1230;1;2;1;1.0;3.0;8;SAINT-ANDRE (RUE);;;;930
201000050334;10;11;27;1510;2;2;1;1.0;3.0;8;STALINGRAD (RUE DE) A10;;;;930
201000050367;10;3;24;1620;1;2;3;1.0;2.0;57;JAURES /CLEMENT;M;4890580.0;250071.0;930
201000050379;10;4;25;1855;1;2;3;1.0;3.0;10;VAILLANT/CURIE;M;4889640.0;247931.0;930
201000050397;10;6;2;1525;1;2;1;1.0;4.0;10;GALLIENI 211;M;4890770.0;249254.0;930
201000050421;10;8;1;1730;1;2;1;1.0;2.0;10;GALLIENI (AV.) DE 2 A 96;;;;930
201000050429;10;8;31;1715;1;2;1;1.0;3.0;57;22, LECLERC (AV. DU GENE;;;;930
201000050450;10;10;25;1250;1;2;1;1.0;3.0;10;CARNOT (AV.) DE 56 A 129;;;;930
201000050467;10;12;20;2135;5;2;1;4.0;2.0;10;06, DORMOY (AV. MARX) DE;;;;930
201000050475;10;7;26;1005;1;2;1;1.0;3.0;13;51, LECLERC (AVENU DE LA;;;;930
201000050478;10;7;24;2000;1;2;1;1.0;6.0;27;JOLLIOT-CURIE (RUE FREDE;;;;930
201000050526;10;8;31;1455;1;2;1;1.0;5.0;13;2, LECLERC (AVENU DE LA;;;;930
201000050532;10;9;20;1930;2;2;2;1.0;3.0;30;CHARDAVOINE (RUE ALBERT);;;;930
201000050569;10;11;2;730;1;2;1;1.0;3.0;13;26, LECLERC (AVENU DE LA;;;;930
201000050594;10;3;2;1710;1;2;1;1.0;3.0;29;AV MARCEAU;M;4892820.0;243646.0;930
201000050609;10;4;24;1725;1;2;2;1.0;3.0;29;R REPUBLIQUE/R F.RUDE;M;4892550.0;243137.0;930
201000050611;10;4;28;1918;1;2;1;1.0;6.0;29;AV HENRI BARBUSSE;M;4892180.0;245531.0;930