Num_Acc;an;mois;jour;hrmn;lum;agg;int;atm;col;com;adr;gps;lat;long;dep
201000050614;10;5;10;1958;1;2;1;2.0;3.0;29;R ROGER SALENGRO;M;4891920.0;243728.0;930
201000050619;10;6;8;840;1;2;6;1.0;3.0;29;R GROSLAY/R J.GUESDE;M;4891920.0;246236.0;930
201000050622;10;6;17;907;1;2;2;1.0;3.0;29;GARIBALDI/LANDRY;M;4892260.0;245260.0;930
201000050627;10;7;12;1630;1;2;1;1.0;3.0;29;80, SAINT-STENAY;;;;930
201000050628;10;7;24;815;1;2;1;1.0;3.0;29;ANATOLE FRANCE;;;;930
201000050631;10;8;3;1538;1;2;1;1.0;3.0;29;49, MARCEAU (AVENUE) N°;;;;930
201000050636;10;8;19;1545;1;2;1;1.0;6.0;29;67, MARCEAU (AVENUE) N°;;;;930
201000050641;10;9;11;1145;1;2;1;1.0;6.0;29;144, ROGER SALENGRO N° 9;;;;930
201000050645;10;9;17;1950;1;2;1;1.0;6.0;29;48, HENRI BARBUSSE (AVE);;;;930
201000050702;10;4;27;1135;1;2;1;1.0;6.0;31;102, JEAN JAURES (AVENUE;M;4895720.0;232130.0;930
201000050728;10;8;5;1815;1;2;1;1.0;3.0;31;14, PARIS (RUE DE);;;;930
201000050754;10;10;13;1715;1;2;3;1.0;1.0;31;62, MARNE (AVENUE DE LA);;;;930
201000050793;10;4;20;1830;1;2;3;1.0;2.0;47;LECLERC/CHANGE;M;4889680.0;257568.0;930
201000050799;10;5;6;1615;1;2;1;1.0;7.0;32;R DU 8 MAI 1945;M;4888420.0;253681.0;930
201000050801;10;5;20;1945;1;2;1;1.0;2.0;32;R P. VAILLANT COUTURIER;M;4887670.0;254936.0;930
201000050806;10;6;6;1500;1;2;1;1.0;3.0;47;AV DES CERISES;M;4889850.0;256140.0;930
201000050820;10;7;14;1100;1;2;2;2.0;3.0;47;GABRIEL PERI  (AVENUE);;;;930
201000050824;10;8;10;645;1;2;1;1.0;2.0;47;HARDY  (BOULEVARD);;;;930
201000050863;10;6;25;1335;1;2;1;1.0;6.0;6;R JEAN LOLIVE;M;4886760.0;242958.0;930
201000050866;10;7;15;1658;1;2;1;1.0;1.0;6;33-45, CURIE PIERRE ET M;;;;930
201000050891;10;5;9;1400;1;2;1;1.0;2.0;6;49, STALINGRAD AV.;M;4887300.0;242911.0;930
201000050893;10;1;8;910;1;2;3;8.0;3.0;61;PERI GABRIEL RUE;M;4888700.0;240778.0;930
201000050924;10;6;25;2145;1;2;2;1.0;7.0;6;R LENINE/BARRE NOUVELLE;M;4886990.0;242116.0;930
201000050982;10;3;21;835;1;2;6;1.0;3.0;15;BOIS DE BERNOUILLE ROUTE;M;4892440.0;256990.0;930
201000050992;10;4;7;1505;1;2;3;1.0;3.0;46;BD DE L'EUROPE/ LA BARRE;M;4892350.0;254588.0;930
201000051005;10;5;9;1810;1;2;1;1.0;3.0;46;MAUROUARD AVENUE;M;4893120.0;254540.0;930
201000051016;10;6;9;1815;1;2;3;3.0;1.0;46;SULLY AVENUE;M;4891290.0;252213.0;930
201000051053;10;9;21;1724;1;2;1;1.0;1.0;46;26, ALEMBERT AVENUE;;;;930
201000051058;10;9;28;655;1;2;1;1.0;6.0;74;35, DE GAULLE AVENUE DU;;;;930
201000051066;10;10;7;1045;1;1;6;1.0;1.0;15;STRATEGIQUE ROUTE;;;;930
201000051072;10;10;30;1055;1;2;3;2.0;1.0;46;CUREL ALLEE;;;;930
201000051090;10;1;5;815;2;2;1;1.0;1.0;48;35,R CUVIER;M;4885100.0;242312.0;930
201000051108;10;3;13;2000;5;2;1;1.0;3.0;48;AV DE LA RESISTANCE;M;4886190.0;243695.0;930
201000051109;10;3;11;2010;4;2;1;1.0;6.0;48;BD ARISTIDE BRIAND;M;4887350.0;245395.0;930
201000051121;10;4;23;845;1;2;2;1.0;3.0;48;R BOBILLOT/R GODEFROY;M;4885370.0;243312.0;930
201000051142;10;6;23;1840;1;2;2;1.0;1.0;48;AV C.FABIEN/DCT F.LAMAZE;M;4887650.0;245464.0;930
201000051143;10;6;25;1525;1;2;2;1.0;3.0;48;AV PRST WILSON/AV G.PERI;M;4885740.0;244007.0;930
201000051197;10;10;12;825;1;2;3;1.0;7.0;48;PRESIDENT WILSON (AVENUE;;;;930
201000051207;10;10;26;1930;5;2;2;1.0;3.0;48;STALINGRAD (RUE DE);;;;930
201000051244;10;5;21;1445;1;2;6;1.0;3.0;50;NAVAILLE/SCHUMAN;M;4887120.0;253396.0;930
201000051289;10;2;15;835;1;2;3;1.0;6.0;51;VILLIERS/IMPRESSIONNISTE;M;4884510.0;254942.0;930
201000051297;10;4;29;1715;1;2;2;1.0;3.0;51;MEDERIC / PRINCES;M;4883030.0;258477.0;930
201000051314;10;7;20;1240;1;2;3;1.0;6.0;51;VERTS BATONS;;;;930
201000051317;10;8;31;1600;1;2;1;1.0;6.0;51;08, VICTOR JARRA (MAIL);;;;930
201000051327;10;10;22;1700;1;2;1;1.0;2.0;33;CHAMPS (AVENUE);;;;930
201000051330;10;10;26;1830;5;2;1;1.0;3.0;51;FEDERICO GARCIA LORCA (M;;;;930
201000051332;10;11;4;1910;5;2;1;1.0;2.0;51;55, NORMANDIE (AVENUE);;;;930
201000051384;10;9;20;2005;5;2;1;1.0;6.0;53;134, BREMENT (RUE DE) 10;;;;930
201000051394;10;11;12;1250;1;2;1;2.0;6.0;53;30, MICHELET (BLD) N° 2;;;;930
201000051476;10;11;24;635;5;2;3;3.0;6.0;55;148, JEAN LOLIVE (AVENUE;;;;930
201000051499;10;3;10;1300;1;2;1;1.0;2.0;14;MAURICE AUDIN;M;4890820.0;253391.0;930
201000051517;10;5;21;1130;1;2;2;1.0;6.0;14;SEVIGNE/BELLEVUE;M;4891310.0;254827.0;930
201000051518;10;5;22;1650;1;2;3;1.0;3.0;62;BEL AIR (ALLEE DU);M;4889680.0;252418.0;930
201000051536;10;9;3;1059;1;2;3;1.0;3.0;14;5, MAURICE AUDIN (ALLEE);;;;930
201000051541;10;10;6;1624;1;2;1;8.0;1.0;62;26, THIERS (AVENUE);;;;930
201000051542;10;10;10;1600;1;2;2;1.0;1.0;77;FALLAY (RUE JEAN);;;;930
201000051621;10;7;5;1210;1;2;2;1.0;6.0;77;00, PROCESSIONS (RUE);;;;930
201000051633;10;8;6;1440;1;2;1;1.0;2.0;64;02, ESPERANCE (ALLEE DE;;;;930
201000051654;10;11;28;1735;1;2;2;1.0;6.0;64;00, DE GAULLE (AV DU GEN;;;;930
201000051687;10;2;19;1330;1;2;1;1.0;3.0;66;AV DU STADE DE FRANCE;M;4891860.0;236177.0;930
201000051707;10;3;19;1900;5;2;1;2.0;3.0;66;BD DE LA LIBERATION;M;4893090.0;234144.0;930
201000051740;10;4;27;1825;1;2;2;1.0;3.0;66;140, WILSON (AVENUE DU P;M;4890940.0;235854.0;930
201000051744;10;5;4;1635;1;2;1;1.0;7.0;66;25, LIBERATION RD14 (BOU;M;4893070.0;234135.0;930
201000051805;10;7;4;1836;1;2;2;1.0;3.0;66;"192 BIS, ""LANDY RD 20, N";;;;930
201000051818;10;7;26;1350;1;2;1;1.0;6.0;66;BLOCK JEAN RICHARD;;;;930
201000051877;10;11;8;1200;1;2;1;3.0;3.0;66;"""STALINGRAD (AVENUE), NR";;;;930
201000051883;10;11;15;1817;5;2;1;8.0;1.0;39;08, CHATELIER (QUAI DU );;;;930
201000051887;10;11;18;2100;5;2;2;1.0;3.0;66;PRESSENCE FRANCIS (AVENU;;;;930
201000051888;10;11;19;800;1;2;1;8.0;3.0;66;"47, ""STALINGRAD (AVENUE)";;;;930
201000051896;10;11;30;1800;3;2;1;8.0;3.0;66;13, CARNOT (BOULEVARD);;;;930
201000051934;10;4;29;1146;1;2;1;1.0;2.0;70;BD JEAN JAURES;M;4891330.0;233555.0;930
201000051950;10;6;13;2055;2;2;2;1.0;3.0;70;SCHMIDT/PIERRE CURIE;M;4890120.0;233502.0;930
201000052093;10;4;1;1635;1;2;1;1.0;1.0;78;60, BALLANGER (BD ROBERT;M;4895250.0;253008.0;930
201000052179;10;5;8;2135;5;2;4;2.0;1.0;2;GOUJONS (PL DES);M;4878680.0;242583.0;940
201000052214;10;2;1;1445;1;2;1;1.0;2.0;75;YERRES (R D);M;4872090.0;252529.0;940
201000052277;10;9;16;1340;1;2;1;8.0;3.0;44;05, R GEORGES CLEMENCEAU;M;4874420.0;247588.0;940
201000052280;10;9;22;1505;1;2;1;1.0;3.0;71;64, R ALBERT DRU;M;4876380.0;252468.0;940
201000052282;10;9;27;2045;5;2;3;1.0;3.0;44;35BIS, BARBUSSE/VERDUN;M;4875190.0;248753.0;940
201000052295;10;10;22;715;5;2;1;1.0;3.0;44;AV JEAN MONNET;;;;940
201000052348;10;2;23;840;1;2;6;2.0;7.0;17;GEORGES COURTELINE (PL);M;4881590.0;256161.0;940
201000052363;10;4;10;2200;5;2;2;1.0;4.0;17;MUSSELBURGH (R DE);M;4881190.0;251280.0;940
201000052378;10;5;17;1000;1;2;3;1.0;3.0;17;JEAN JAURES (R);M;4881430.0;250865.0;940
201000052400;10;7;4;1935;1;2;4;1.0;3.0;17;AV FONTAINE/QUAI LUCIE;M;4883050.0;249858.0;940
201000052409;10;8;2;1250;1;2;1;1.0;3.0;17;2, QU LUCIE;M;4883070.0;249777.0;940
201000052426;10;10;1;1625;1;2;2;1.0;3.0;17;R J.JAURES/R GUITTARD;;;;940
201000052432;10;10;11;1035;1;2;1;1.0;2.0;17;83 TER, CHE DES LYONNES;;;;940
201000052475;10;5;11;1400;1;2;1;2.0;6.0;69;122, MARECHAL LECLERC (R;M;4881790.0;244273.0;940
201000052504;10;8;13;1305;1;2;1;1.0;6.0;69;1 BIS R EDMOND NOCARD;M;4882130.0;242017.0;940
201000052505;10;8;13;1815;1;2;1;1.0;3.0;18;PONT MARTINET;M;4881790.0;241230.0;940
201000052509;10;9;21;830;1;2;1;1.0;3.0;18;12, AV DE LA LIBERTE;M;4882510.0;240610.0;940
201000052523;10;10;26;1515;1;2;1;1.0;3.0;18;R DE L'ARCADE;;;;940
201000052570;10;4;8;1645;1;2;1;1.0;7.0;79;31, CHAMPIGNY (RTE DE);M;4882440.0;253432.0;940
201000052639;10;10;7;1450;1;2;1;1.0;3.0;55;AV OLIVIER D'ORMESSON;;;;940
201000052696;10;4;21;1110;1;2;2;7.0;3.0;22;VINGT CINQ AOUT 1944 (AV;M;4876290.0;240145.0;940
201000052711;10;7;21;935;1;1;6;2.0;1.0;54;M.CACHIN/SAULES;M;4874580.0;241029.0;940
201000052796;10;4;5;1900;1;2;1;1.0;6.0;28;R GABIN (FACE BASE LOISI;M;4878010.0;244540.0;940
201000052803;10;4;18;1831;1;2;1;1.0;3.0;28;0, CHOISY(ROUTE DE);M;4878380.0;244727.0;940
201000052811;10;4;23;1925;1;2;3;1.0;1.0;28;0, JULIETTE.(VILLA);M;4879740.0;245643.0;940
201000052846;10;6;25;1830;1;2;3;1.0;3.0;28;126, LECLERC.(RUE DU GEN;M;4878670.0;246892.0;940
201000052871;10;8;20;1506;1;2;3;1.0;2.0;28;RTE CHOISY /PORTE CHAMPS;M;4878770.0;245059.0;940
201000052896;10;10;11;1815;1;2;6;1.0;3.0;28;AV LIBERATION/PLBILLOTTE;;;;940
201000052904;10;10;25;900;1;2;4;1.0;3.0;28;R ST-SIMON/R G.EIFFEL;;;;940
201000052935;10;12;1;2110;5;2;1;4.0;2.0;28;R ANDRE CHARLES BOULLE;;;;940
201000052989;10;11;25;1130;1;2;6;1.0;3.0;33;43, AV RABELAIS;;;;940
201000053001;10;2;5;755;2;2;1;2.0;3.0;3;1, ARISTIDE BRIAND (AV);M;4880480.0;232520.0;940
201000053047;10;4;14;1620;1;2;5;1.0;3.0;3;1, ARISTIDE BRIAND (AV);M;4881010.0;232675.0;940
201000053079;10;6;7;1605;1;2;1;1.0;7.0;76;1, MARCEL GROSMESNIL (R);M;4879760.0;235486.0;940
201000053097;10;7;8;735;1;2;3;1.0;2.0;3;41,AV A.BRIAND/ MODERNE;M;4880820.0;232638.0;940
201000053141;10;9;20;1235;1;2;2;1.0;6.0;16;R DESMOULINS/R GALLIENI;M;4879480.0;233502.0;940
201000053159;10;10;18;1545;1;2;1;1.0;3.0;76;AV DE STALINGRAD;;;;940
201000053163;10;10;23;1750;1;2;4;8.0;7.0;37;R M.BERTHELOT/AV RASPAIL;;;;940
201000053192;10;12;7;855;1;1;1;8.0;7.0;76;07, AV DE PARIS;;;;940
201000053194;10;12;8;1905;5;2;1;4.0;2.0;16;55, AV CARNOT;;;;940
201000053255;10;5;20;1315;1;2;1;1.0;6.0;65;FONTAINEBLEAU (AV DE);M;4874790.0;236786.0;940
201000053266;10;6;2;2320;4;2;1;1.0;1.0;73;ALOUETTES (R DES);M;4875250.0;237194.0;940
201000053309;10;9;4;1410;1;2;2;1.0;3.0;38;P. V COUTURIER/CHEVILLY;M;4877630.0;234011.0;940
201000053317;10;9;16;935;1;2;3;7.0;3.0;38;R TULIPES/R PAQUERETTE;M;4877880.0;235204.0;940
201000053325;10;10;12;840;1;2;1;1.0;3.0;38;48, R DE LA COSARDE;;;;940
201000053421;10;7;20;1155;1;2;1;1.0;3.0;41;124, BD DE STALINGRAD;M;4880170.0;237920.0;940
201000053434;10;9;22;840;1;2;1;1.0;6.0;41;12,AV MAURICE THOREZ;M;4881900.0;237382.0;940
201000053436;10;9;29;1920;1;2;1;8.0;3.0;41;31, QU MARCEL BOYER;M;4882160.0;239381.0;940
201000053452;10;11;9;845;1;2;3;2.0;7.0;41;07 Ter, GASTON CORNAVIN;;;;940
201000053570;10;1;21;950;1;2;3;2.0;3.0;52;COULMIERS (R DE);M;4884260.0;249170.0;940
201000053604;10;5;22;1125;1;2;6;1.0;5.0;42;VISÀVIS 51, GENERAL GALL;M;4882010.0;247438.0;940
201000053625;10;7;21;1930;1;2;1;8.0;2.0;42;46,AV GENERAL GALLIENI;M;4882010.0;247936.0;940
201000053634;10;9;4;1340;1;2;2;1.0;3.0;52;J. KABLE/ALBERT 1ER;M;4883550.0;249405.0;940
201000053641;10;9;12;1020;1;2;1;2.0;2.0;58;130, AV DU 8 MAI 1945;M;4884920.0;250888.0;940
201000053642;10;9;15;1015;1;2;1;1.0;3.0;58;105, AV DU GRL DE GAULLE;M;4884210.0;250480.0;940
201000053662;10;11;8;1900;5;2;2;8.0;3.0;52;DE GAULLE / VAILLANT;;;;940
201000053684;10;2;8;1325;1;2;1;1.0;3.0;68;2, ARISTIDE BRIAND (R);M;4879810.0;248402.0;940
201000053686;10;2;15;1900;5;2;3;1.0;3.0;68;GENERAL GIRAUD (BD DU);M;4879540.0;247669.0;940
201000053701;10;4;2;848;1;2;2;1.0;3.0;68;BEAUREPAIRE (AV);M;4878910.0;247653.0;940
201000053706;10;4;8;1520;1;2;2;1.0;2.0;68;105, MARINVILLE (AV DE);M;4880530.0;248395.0;940
201000053710;10;4;13;1830;1;2;1;1.0;3.0;68;4, CRETEIL (BD DE);M;4879920.0;247275.0;940
201000053717;10;5;4;1645;1;2;1;1.0;2.0;68;24, PIERRE SEMARD (AV);M;4880050.0;251211.0;940
201000053730;10;6;24;2240;5;2;1;1.0;2.0;68;9, SAVOIE (R DE);M;4881080.0;248183.0;940
201000053732;10;6;29;1050;1;2;1;1.0;3.0;68;03, FOCH (AV);M;4880430.0;248638.0;940
201000053733;10;6;29;2015;1;2;1;1.0;3.0;68;13, NORD (AV DU);M;4880960.0;249554.0;940
201000053758;10;10;6;850;1;2;2;1.0;3.0;68;BAC/GEORGES CLEMENCEAU;;;;940
201000053763;10;10;18;830;1;2;4;1.0;2.0;68;R DE CRETEIL/BD CRETEIL;;;;940
201000053769;10;11;9;1425;1;2;1;8.0;3.0;68;6, BD DE CHAMPIGNY;;;;940
201000053796;10;2;4;955;1;2;1;1.0;7.0;74;0, JULIEN DURANTON (AVEN;M;4875730.0;245249.0;940
201000053819;10;4;18;1100;1;2;1;1.0;3.0;74;00, CHAIX D ESTANGE (R);M;4874790.0;246750.0;940
201000053888;10;10;12;1420;1;2;2;1.0;3.0;77;R G.PERI/AV PASTEUR;;;;940
201000053925;10;1;4;755;3;2;3;1.0;3.0;80;., MURS DU PARC (AV. DES;M;4884660.0;245608.0;940
201000053929;10;1;14;1830;5;2;2;7.0;3.0;80;27, PARIS (AV DE);M;4884520.0;243155.0;940
201000053932;10;1;29;1425;1;2;1;2.0;3.0;80;175, FONTENAY (R DE);M;4884870.0;242971.0;940
201000053943;10;3;14;1130;1;2;1;1.0;6.0;67;9, FOCH (AV);M;4884540.0;241987.0;940
201000053961;10;6;2;2130;2;2;2;7.0;1.0;80;., PARIS (AV DE);M;4884500.0;243459.0;940
201000053964;10;6;8;1400;1;2;2;1.0;2.0;80;DOCTEUR LEBEL (R DU);M;4884600.0;243087.0;940
201000053984;10;8;17;1445;1;2;6;1.0;3.0;67;AV DE PARIS;M;4884680.0;241757.0;940
201000054003;10;9;23;1755;1;2;2;1.0;6.0;67;AV DU GENERAL DE GAULLE;M;4884360.0;241761.0;940
201000054005;10;10;8;1940;5;2;3;1.0;3.0;80;R FONTENAY/R J.GAILLARD;;;;940
201000054036;10;1;22;1145;1;2;2;1.0;3.0;81;15, HENRI BARBUSSE (AV);M;4879280.0;239282.0;940
201000054057;10;4;9;1205;1;2;2;1.0;3.0;81;EUGENE HENAFF (R);M;4879470.0;241863.0;940
201000054073;10;6;3;1200;1;2;1;1.0;6.0;81;ABBE ROGER DERRY (AV DE;M;4879140.0;239466.0;940
201000054095;10;7;18;1820;1;2;1;1.0;2.0;81;QU JULES GUESDE;M;4880270.0;241051.0;940
201000054153;10;1;30;1010;1;2;1;4.0;7.0;18;59, PERREUX (RUE DU);M;4894220.0;223330.0;950
201000054162;10;2;11;1210;1;2;2;8.0;3.0;18;GALLIENI (BOULEVARD);M;4894260.0;224310.0;950
201000054192;10;4;11;1510;1;2;1;1.0;6.0;176;49, PERI (Av GABRIEL);M;4894370.0;225130.0;950
201000054198;10;4;19;1605;1;2;1;1.0;6.0;18;place pierre semard;M;4894740.0;225660.0;950
201000054217;10;5;6;1835;1;2;3;1.0;6.0;18;JOUY (RUE AMEDEE);M;4895350.0;226300.0;950
201000054220;10;5;10;735;1;2;1;1.0;6.0;18;12, ARC (BOULEVARD JEANN;M;4894520.0;224650.0;950
201000054227;10;5;23;1810;2;2;1;1.0;6.0;18;BERIONNE (RUE DE LA);M;4895230.0;222270.0;950
201000054261;10;7;8;1545;1;2;2;1.0;3.0;18;16, FEIX (BOULEVARD LEON;M;4894620.0;224800.0;950
201000054269;10;7;15;1810;1;2;5;1.0;3.0;176;LA FONTAINE (RUE);M;4896440.0;220450.0;950
201000054275;10;7;22;1900;1;2;1;1.0;6.0;582;75, Bd Charle de GAULLE;M;4897240.0;225560.0;950
201000054276;10;7;26;1655;1;2;1;1.0;1.0;582;1, CARREAUX (RUE DES);M;4898250.0;224050.0;950
201000054281;10;7;30;1840;1;2;3;1.0;3.0;18;177, BARBUSSE (RUE HENRI;M;4893420.0;223480.0;950
201000054347;10;11;10;705;2;2;6;2.0;2.0;176;ARGENTEUIL (ROUTE D');M;4897070.0;219880.0;950
201000054368;10;12;6;805;2;2;1;8.0;3.0;18;BREL (RUE JACQUES);M;4895690.0;227990.0;950
201000054418;10;5;16;1845;1;2;7;1.0;3.0;500;POTHUIS (QUAI DU);M;4904860.0;210160.0;950
201000054422;10;5;25;1840;1;2;1;1.0;1.0;572;4, HERBLAY (RUE D');M;4904090.0;211290.0;950
201000054427;10;6;26;2030;1;2;1;1.0;3.0;500;REDOUANE BOUGARA (AVENUE;M;4906120.0;209039.0;950
201000054431;10;8;21;1910;1;2;4;1.0;3.0;572;CHATEAU (AVENUE DU);M;4905290.0;211760.0;950
201000054445;10;11;19;1735;5;2;2;8.0;3.0;127;BOULEVARD DE L'OISE;M;4904490.0;202619.0;950
201000054452;10;5;20;650;1;2;1;1.0;3.0;127;OISE (BOULEVARD DE L');M;4903590.0;208120.0;950
201000054454;10;10;20;1330;1;2;3;1.0;3.0;127;EVASION (BOULEVARD DE L';M;4904960.0;201310.0;950
201000054460;10;3;23;1808;1;2;3;1.0;3.0;288;Rue des Glaissieres;M;4898340.0;235480.0;950
201000054477;10;9;6;1125;1;2;1;1.0;3.0;427;50, MAURICE UTRILLO (AVE;M;4897660.0;235410.0;950
201000054504;10;1;12;1555;1;2;1;1.0;6.0;219;PAUL ELUARD (RUE);M;4898570.0;225630.0;950
201000054519;10;3;22;1809;1;2;1;1.0;3.0;219;STALINGRAD (RUE DE);M;4898890.0;225850.0;950
201000054520;10;3;23;1240;1;2;2;1.0;3.0;203;SAINT LEU (ROUTE DE);M;4899510.0;227540.0;950
201000054525;10;3;31;1230;1;2;2;1.0;3.0;252;BEL-AIR (BOULEVARD DU);M;4898770.0;223220.0;950
201000054529;10;4;18;1510;1;2;1;1.0;3.0;252;MARAIS (AVENUE DES);M;4899290.0;222220.0;950
201000054531;10;4;20;1810;1;2;1;1.0;2.0;491;29, DE GAULLE (RUE CHARL;M;4899920.0;223530.0;950
201000054534;10;5;12;820;1;2;6;1.0;3.0;203;Rond point souvenir fran;M;4899350.0;227460.0;950
201000054541;10;6;9;1125;1;2;1;1.0;1.0;252;43, MAURICE BERTEAUX (BO;M;4898590.0;222850.0;950
201000054546;10;6;26;1115;1;2;1;1.0;3.0;219;CHARLES GOUNOD (RUE);M;4899650.0;224870.0;950
201000054549;10;7;18;1825;1;2;6;1.0;3.0;203;TARBE DES SABLONS (RUE);M;4899550.0;227140.0;950
201000054550;10;7;29;1250;1;2;1;1.0;1.0;219;26, rue TOULOUSE LAUTREC;M;4899470.0;225490.0;950
201000054555;10;8;16;1450;1;2;6;1.0;3.0;203;MATLOCK (AVENUE);M;4899340.0;227490.0;950
201000054557;10;8;23;800;1;2;3;1.0;6.0;203;AVENUE JEANNE D'ARC;M;4899110.0;227870.0;950
201000054559;10;9;6;1035;1;2;3;1.0;3.0;203;ROBILLON (RUE JEANNE);M;4899260.0;227680.0;950
201000054566;10;10;1;2010;1;2;1;1.0;3.0;219;CORA (AV G Pompidou);M;4898800.0;224700.0;950
201000054577;10;11;17;900;1;2;3;1.0;2.0;252;FRERES BRAET (RUE DES);M;4898740.0;221390.0;950
201000054589;10;8;2;1135;1;2;1;1.0;1.0;252;Chemin deGRATTES-BOEUFS;M;4899190.0;221610.0;950
201000054664;10;4;24;1920;1;2;1;1.0;3.0;306;GENERALE DE GAULLE (RUE;M;4899030.0;216590.0;950
201000054680;10;9;5;1830;1;2;1;1.0;1.0;424;30/32, MONT DU FEU (ALLE;M;4898700.0;217920.0;950
201000054685;10;9;18;1505;1;2;2;1.0;1.0;306;Rue GENERAL DE GAULLE;M;4899040.0;216620.0;950
201000054691;10;10;22;1700;1;2;2;1.0;3.0;424;GENERAL DE GAULLE (RUE;M;4899170.0;219290.0;950
201000054699;10;2;12;820;1;2;1;1.0;6.0;52;65, rue ROUSSEL;M;4913890.0;229140.0;950
201000054707;10;7;21;1300;1;2;3;1.0;6.0;313;CAPITAINERIE (rue de la);M;4911370.0;221390.0;950
201000054709;10;9;4;1605;1;2;1;1.0;2.0;313;PARIS (AVENUE DE);M;4911030.0;222550.0;950
201000054774;10;1;8;1645;1;2;9;8.0;3.0;607;TEMPS DES CERISES (BOULE;M;4902060.0;222160.0;950
201000054785;10;4;9;1845;1;2;1;1.0;1.0;51;72, SAINT PRIX (CHEMIN D;M;4901990.0;220260.0;950
201000054794;10;6;23;1955;1;2;3;1.0;3.0;563;RUE GENERAL LECLERC;M;4901790.0;224510.0;950
201000054808;10;9;20;1805;1;2;1;1.0;3.0;607;DIVISION-LECLERC (AVNUE);M;4901120.0;221440.0;950
201000054973;10;1;23;2115;5;2;3;1.0;3.0;381;21, MONTEE SAINT SEBASTI;;;;690
201000054976;10;4;4;1540;1;2;1;1.0;1.0;381;9 RUE DES CARMELITES;;;;690
201000054980;10;4;23;2340;5;2;3;1.0;1.0;381;1, RUE D'ALGERIE;;;;690
201000057765;10;7;24;1117;1;1;1;1.0;6.0;120;sans, TOUTES RUES;;;;202
201000057862;10;1;30;500;3;2;1;1.0;2.0;382;QUAI PERRACHE;;;;690
201000057868;10;2;20;1740;2;2;5;1.0;3.0;382;0, QUAI PERRACHE;;;;690
201000057885;10;3;28;40;5;2;1;1.0;6.0;382;0, PONT GALLIENI;;;;690
201000057904;10;7;6;2000;1;2;5;1.0;3.0;382;26, QUAI JEAN MOULIN;;;;690
201000057917;10;9;4;1300;1;2;3;1.0;1.0;382;angle, COURS DE VERDUN R;;;;690
201000057922;10;10;6;1335;1;2;1;1.0;2.0;382;0, PONT KITCHENER MARCHA;;;;690
201000057928;10;10;8;1640;1;2;3;1.0;6.0;382;indétermin, RUE AUGUSTE;;;;690
201000058095;10;1;10;1720;4;2;2;8.0;3.0;383;RUE TURBIL;;;;690
201000058098;10;1;6;1715;5;2;3;8.0;3.0;383;PLACE BIR HAKEIM;;;;690
201000058103;10;1;22;1020;1;2;2;8.0;3.0;386;00, RUE DUGUESCLIN;;;;690
201000058107;10;2;1;840;1;2;2;1.0;3.0;383;00, RUE BARABAN;;;;690
201000058138;10;3;22;2030;5;2;1;1.0;3.0;383;RUE DOCTEUR BOUCHUT;;;;690
201000058147;10;4;1;830;1;2;2;2.0;3.0;386;0, RUE DES EMERAUDES;;;;690
201000058149;10;4;8;720;2;2;2;2.0;6.0;383;00, RUE TURBIL;;;;690
201000058156;10;4;15;1730;1;2;1;1.0;6.0;386;11, COURS VITTON;;;;690
201000058158;10;4;16;1920;1;2;3;1.0;5.0;383;RUE DE LA RUCHE;;;;690
201000058166;10;4;17;730;1;2;2;1.0;3.0;383;0, RUE BONNAND;;;;690
201000058167;10;4;23;625;2;2;1;1.0;3.0;383;45, BD MARIUS VIVIER MER;;;;690
201000058168;10;4;26;1120;1;2;1;1.0;6.0;386;FACE 09, RUE NOTRE DAME;;;;690
201000058169;10;4;26;1930;1;2;1;1.0;6.0;386;2, PLACE MARECHAL LYAUTE;;;;690
201000058172;10;4;30;825;1;2;1;1.0;3.0;386;ALLEE DU GRAND CAMP;;;;690
201000058177;10;5;11;735;1;2;2;3.0;3.0;386;0, RUE VENDOME;;;;690
201000058180;10;5;23;1830;1;2;1;1.0;6.0;383;135, AVENUE MARECHAL DE;;;;690
201000058188;10;5;24;1640;1;2;2;1.0;3.0;386;AVENUE DE GRANDE BRETAGN;;;;690
201000058189;10;5;25;1830;1;2;1;1.0;6.0;383;FACE 28, ROUTE DE GENAS;;;;690
201000058191;10;5;28;2240;4;2;1;1.0;2.0;383;13, COURS GAMBETTA;;;;690