Num_Acc;an;mois;jour;hrmn;lum;agg;int;atm;col;com;adr;gps;lat;long;dep
201000058194;10;5;31;1230;1;2;2;1.0;3.0;383;00, RUE MAZENOD;;;;690
201000058197;10;6;1;720;1;2;3;1.0;6.0;383;0, RUE VOLTAIRE;;;;690
201000058198;10;6;1;835;1;2;3;1.0;3.0;386;BOULEVARD ANATOLE FRANCE;;;;690
201000058201;10;6;7;1610;1;2;2;1.0;3.0;386;RUE VAUBAN;;;;690
201000058204;10;6;3;1740;1;2;1;1.0;6.0;383;FACE 53, COURS ALBERT TH;;;;690
201000058205;10;5;19;1800;1;2;1;1.0;3.0;383;8, COURS GAMBETTA;;;;690
201000058209;10;6;16;750;1;2;3;2.0;3.0;386;RUE DE CREQUI;;;;690
201000058211;10;6;23;1442;1;2;1;1.0;3.0;383;67, RUE MAURICE FLANDIN;;;;690
201000058212;10;6;23;2050;1;2;1;1.0;3.0;383;31 QUAI VICTOR AUGAGNEUR;;;;690
201000058229;10;7;10;1200;1;2;2;1.0;3.0;383;RUE BARABAN;;;;690
201000058235;10;7;21;1215;1;2;1;1.0;3.0;383;75, RUE DE LA VILLETTE;;;;690
201000058240;10;8;6;1800;1;2;3;1.0;3.0;383;0, RUE DOCTEUR BOUCHUT;;;;690
201000058249;10;8;27;405;5;2;2;1.0;6.0;383;0, RUE PAUL BERT;;;;690
201000058255;10;8;26;905;1;2;1;7.0;6.0;383;39, COURS DOCTEUR LONG;;;;690
201000058258;10;9;9;2100;2;2;2;1.0;3.0;386;0, AVENUE MARECHAL DE SA;;;;690
201000058262;10;9;12;1300;1;2;2;1.0;3.0;383;RUE BELLECOMBE;;;;690
201000058264;10;9;15;900;1;2;1;1.0;6.0;386;145, RUE VAUBAN;;;;690
201000058266;10;9;21;845;1;2;2;1.0;6.0;383;0, QUAI VICTOR AUGAGNEUR;;;;690
201000058272;10;9;25;530;4;2;2;2.0;3.0;383;AVENUE LACASSAGNE;;;;690
201000058275;10;9;28;820;1;2;1;8.0;3.0;383;222, RUE DUGUESCLIN;;;;690
201000058285;10;10;6;845;1;2;1;1.0;3.0;383;223, RUE DE CREQUI;;;;690
201000058287;10;10;8;810;1;2;2;1.0;3.0;383;0, RUE SERVIENT;;;;690
201000058289;10;10;9;1716;1;2;1;1.0;6.0;386;57, RUE MASSENA;;;;690
201000058292;10;10;7;1725;1;2;2;1.0;2.0;383;COURS ALBERT THOMAS;;;;690
201000058295;10;10;14;1930;5;2;1;1.0;6.0;383;172, RUE DUGUESCLIN;;;;690
201000058302;10;10;21;1415;1;2;1;1.0;6.0;383;194, RUE GARIBALDI;;;;690
201000058305;10;10;24;330;5;2;2;2.0;3.0;383;0, COURS GAMBETTA;;;;690
201000058307;10;10;25;1410;1;2;1;1.0;3.0;383;4, PLACE PIERRE RENAUDEL;;;;690
201000058310;10;10;28;850;1;2;1;1.0;6.0;383;3, RUE GABILLOT;;;;690
201000058329;10;11;20;1750;5;2;3;2.0;6.0;386;0, QUAI GENERAL SARRAIL;M;4576470.0;484151.0;690
201000058337;10;11;29;1615;2;2;2;1.0;6.0;383;0, RUE PAUL BERT;M;4575630.0;484649.0;690
201000058341;10;12;8;1120;1;2;2;1.0;3.0;383;0, RUE DOCTEUR REBATEL;;;;690
201000058353;10;12;29;1430;1;2;2;1.0;3.0;383;0, RUE DE LA VILLETTE;;;;690
201000058356;10;2;20;1540;1;2;1;1.0;6.0;384;45, QUAI JOSEPH GILLET;;;;690
201000058358;10;3;6;1200;1;2;1;1.0;6.0;384;42, BD DE LA CROIX ROUSS;;;;690
201000058361;10;4;9;1035;1;2;5;1.0;6.0;384;VISÀVIS 59, BOULEVARD DE;;;;690
201000058368;10;5;27;1910;1;2;3;1.0;1.0;384;01, RUE CHAZIERE;;;;690
201000058382;10;9;14;1645;1;2;9;1.0;3.0;384;18, MONTEE DE LA BOUCLE;;;;690
201000058384;10;10;12;1300;1;2;1;1.0;1.0;384;66, RUE EUGENE PONS;;;;690
201000058565;10;10;16;2045;5;1;2;1.0;3.0;249;ROUTE NATIONALE 230;;;;330
201000058620;10;2;24;1440;1;2;1;1.0;3.0;385;50, RUE DE LA FAVORITE;;;;690
201000058622;10;3;5;850;1;2;1;7.0;2.0;385;12, PONT ALPHONSE JUIN;;;;690
201000058636;10;6;4;2155;5;2;1;1.0;6.0;385;MONTEE DU CHEMIN NEUF;;;;690
201000058647;10;10;2;2130;5;2;1;1.0;2.0;385;37, RUE DES AQUEDUCS;;;;690
201000058777;10;2;21;2100;5;2;2;6.0;3.0;387;0, BOULEVARD YVES FARGE;;;;690
201000058784;10;3;24;1757;2;2;1;1.0;6.0;387;AVENUE LECLERC;;;;690
201000058787;10;4;5;2245;4;2;2;1.0;3.0;387;QUAI CLAUDE BERNARD;;;;690
201000058804;10;5;28;1720;1;2;3;2.0;3.0;387;0, AVENUE JEAN JAURES;;;;690
201000058806;10;6;2;1705;1;2;1;1.0;7.0;387;58, BOULEVARD YVES FARGE;;;;690
201000058807;10;6;2;1535;1;2;1;1.0;1.0;387;0, PONT DE L UNIVERSITE;;;;690
201000058822;10;7;19;1930;1;2;1;1.0;1.0;387;171, RUE MARCEL MERIEUX;;;;690
201000058829;10;8;25;1415;1;2;2;1.0;7.0;387;0, COURS GAMBETTA;;;;690
201000058833;10;9;4;1800;1;2;1;1.0;3.0;387;1, QUAI CLAUDE BERNARD;;;;690
201000058847;10;10;8;1625;1;2;2;1.0;3.0;387;0, RUE RAOUL SERVANT;;;;690
201000058848;10;10;12;1940;5;2;2;1.0;6.0;387;19, AVENUE FELIX FAURE;;;;690
201000058854;10;10;25;820;1;2;2;1.0;3.0;387;78, RUE MONTESQUIEU;;;;690
201000058863;10;11;22;1730;5;2;2;2.0;3.0;387;QUAI CLAUDE BERNARD;;;;690
201000058865;10;12;7;1050;1;2;2;8.0;3.0;387;4BIS, RUE DE L UNIVERSIT;;;;690
201000058877;10;12;24;2220;5;2;1;4.0;6.0;387;203, AVENUE JEAN JAURES;;;;690
201000058879;10;12;8;810;1;2;1;1.0;6.0;387;17, RUE DE LA MADELEINE;;;;690
201000058888;10;1;24;1704;1;2;1;2.0;3.0;388;BOULEVARD DES ETATS UNIS;;;;690
201000058890;10;2;5;1540;1;2;2;2.0;6.0;388;RUE BATAILLE;;;;690
201000058907;10;3;8;640;2;2;1;1.0;6.0;388;15, RUE VILLON;;;;690
201000058925;10;4;15;1240;1;2;1;1.0;6.0;388;73, BOULEVARD DES ETATS;;;;690
201000058927;10;4;17;915;1;2;1;1.0;6.0;388;140, AVENUE PAUL SANTY;;;;690
201000058930;10;4;28;735;2;2;4;1.0;6.0;388;0, BOULEVARD AMBROISE PA;;;;690
201000058934;10;5;18;1835;1;2;2;1.0;2.0;388;AVENUE DES FRERES LUMIER;;;;690
201000058936;10;5;20;2200;5;2;1;1.0;6.0;388;RUE DE SURVILLE;;;;690
201000058950;10;9;5;1830;1;2;1;1.0;6.0;388;AVENUE PAUL SANTY;;;;690
201000058953;10;6;22;905;1;2;2;1.0;3.0;388;0, AVENUE PAUL SANTY;;;;690
201000058954;10;6;29;925;1;2;1;1.0;7.0;388;113, RUE PROFESSEUR BEAU;;;;690
201000058956;10;7;3;1145;1;2;1;1.0;6.0;388;9, RUE PHILIPPE FABIA;;;;690
201000058971;10;7;24;2245;5;2;2;1.0;6.0;388;0, AVENUE DES FRERES LUM;;;;690
201000058980;10;7;15;1420;1;2;1;1.0;3.0;388;76, BOULEVARD DES ETATS;;;;690
201000058985;10;9;15;1506;1;2;2;1.0;3.0;388;RUE LAENNEC;;;;690
201000058992;10;7;23;815;1;2;2;1.0;3.0;388;PLACE AMBROISE COURTOIS;;;;690
201000060137;10;2;5;1900;5;2;5;1.0;6.0;101;RUE SAINT ROCH;;;;750
201000060146;10;3;13;1920;5;2;1;1.0;6.0;101;27, AVENUE DE L OPERA;;;;750
201000060149;10;3;19;1620;1;2;5;1.0;3.0;101;02, QUAI DE LA MEGISSERI;;;;750
201000060154;10;3;27;2355;5;2;2;1.0;3.0;101;271, RUE SAINT HONORE;;;;750
201000060155;10;3;29;1410;1;2;5;1.0;6.0;101;PLACE COLETTE;;;;750
201000060170;10;4;13;855;1;2;3;1.0;3.0;101;RUE DE RIVOLI;;;;750
201000060173;10;4;24;1854;1;2;1;1.0;6.0;101;02, RUE CAMBON;;;;750
201000060183;10;6;1;1830;1;2;2;3.0;3.0;101;RUE DU LOUVRE;;;;750
201000060192;10;6;17;1056;1;2;2;1.0;7.0;101;12, QUAI FRANCOIS MITTER;;;;750
201000060197;10;7;3;1540;1;2;1;1.0;4.0;101;255, RUE SAINT HONORE;;;;750
201000060208;10;7;13;1745;1;2;1;1.0;3.0;101;240, RUE DE RIVOLI;;;;750
201000060217;10;7;24;1225;1;2;1;1.0;3.0;101;157, RUE SAINT HONORE;;;;750
201000060231;10;9;8;1350;1;2;5;2.0;6.0;101;PLACE RENE CASSIN;;;;750
201000060235;10;9;17;1315;1;2;2;1.0;3.0;101;02, QUAI DE LA MEGISSERI;;;;750
201000060237;10;9;22;930;1;2;3;1.0;6.0;101;43, RUE SAINTE ANNE;;;;750
201000060238;10;9;22;1430;1;2;3;1.0;3.0;101;162, RUE DE RIVOLI;;;;750
201000060239;10;9;22;1525;1;2;5;1.0;3.0;101;QUAI DES TUILERIES;;;;750
201000060248;10;10;4;2040;5;2;1;1.0;7.0;101;176, RUE DE RIVOLI;;;;750
201000060263;10;10;29;1215;1;2;2;1.0;2.0;101;25, PLACE VENDOME;;;;750
201000060281;10;11;30;1125;1;2;1;1.0;3.0;101;8, RUE DE LA MONNAIE;;;;750
201000060284;10;12;3;1545;1;2;5;1.0;3.0;101;157, RUE SAINT HONORE;;;;750
201000060296;10;3;10;830;1;1;1;1.0;7.0;118;59, RUE DU MONT CENIS;;;;750
201000060312;10;3;29;855;1;2;2;1.0;6.0;102;BOULEVARD POISSONNIERE;;;;750
201000060313;10;4;6;1005;1;2;1;1.0;7.0;102;0, RUE DU QUATRE SEPTEMB;;;;750
201000060321;10;5;4;1150;1;2;2;1.0;6.0;102;RUE DES PETITS CHAMPS;;;;750
201000060326;10;5;8;1730;1;2;1;1.0;6.0;102;87, RUE REAUMUR;;;;750
201000060334;10;5;31;1150;1;2;2;1.0;6.0;102;2, RUE DE LA PAIX;;;;750
201000060341;10;6;15;1310;1;2;1;1.0;3.0;102;AVENUE DE L OPERA;;;;750
201000060344;10;6;20;1225;1;2;1;1.0;6.0;102;RUE TIQUETONNE;;;;750
201000060347;10;6;22;815;1;2;1;1.0;2.0;102;16, BOULEVARD MONTMARTRE;;;;750
201000060354;10;7;15;1450;1;2;5;1.0;3.0;102;4, PLACE DE L OPERA;;;;750
201000060355;10;7;20;2325;5;2;2;1.0;3.0;102;22, RUE ETIENNE MARCEL;;;;750
201000060361;10;8;14;120;4;2;5;1.0;3.0;102;BOULEVARD MONTMARTRE;;;;750
201000060365;10;8;23;1355;1;2;2;2.0;3.0;102;RUE MONTMARTRE;;;;750
201000060371;10;9;2;1900;1;2;2;1.0;2.0;102;17, RUE DU QUATRE SEPTEM;;;;750
201000060378;10;9;24;1040;1;2;2;8.0;3.0;102;11, BOULEVARD DES ITALIE;;;;750
201000060379;10;9;25;1940;5;2;1;8.0;3.0;102;38, AVENUE DE L OPERA;;;;750
201000060380;10;9;29;920;1;2;1;1.0;2.0;102;6, RUE DE CLERY;;;;750
201000060381;10;10;2;2045;5;2;3;1.0;3.0;103;191, RUE DU TEMPLE;;;;750
201000060423;10;2;16;2015;5;2;1;1.0;3.0;103;07, RUE AUX OURS;;;;750
201000060434;10;3;23;1525;1;2;2;1.0;3.0;103;47, RUE DE TURBIGO;;;;750
201000060437;10;4;6;1820;1;2;2;1.0;3.0;103;51, RUE DE TURENNE;;;;750
201000060438;10;4;7;1445;1;2;1;8.0;6.0;103;84, RUE DE TURENNE;;;;750
201000060443;10;4;15;1715;1;2;3;1.0;2.0;103;57, RUE DE TURENNE;;;;750
201000060447;10;4;26;1040;1;2;5;1.0;3.0;103;246, RUE SAINT MARTIN;;;;750
201000060452;10;5;22;1855;1;2;2;1.0;7.0;103;80, BOULEVARD DE SEBASTO;;;;750
201000060458;10;6;4;1405;1;2;2;1.0;1.0;103;48, RUE DES TOURNELLES;;;;750
201000060469;10;6;30;750;1;2;1;1.0;7.0;103;37, RUE BEAUBOURG;;;;750
201000060470;10;7;5;1815;1;2;2;1.0;6.0;103;5, BOULEVARD SAINT DENIS;;;;750
201000060472;10;7;6;2015;1;2;1;1.0;2.0;110;11, PLACE DE LA REPUBLIQ;;;;750
201000060478;10;8;14;1045;1;2;2;1.0;3.0;103;91, RUE BEAUBOURG;;;;750
201000060483;10;9;2;930;1;2;2;1.0;3.0;103;51, RUE DE TURENNE;;;;750
201000060484;10;9;6;1000;1;2;2;1.0;3.0;103;67, RUE DE TURBIGO;;;;750
201000060485;10;9;18;2050;5;2;2;1.0;3.0;103;RUE AUX OURS;;;;750
201000060492;10;10;12;1200;1;2;5;1.0;2.0;103;180, RUE DU TEMPLE;;;;750
201000060493;10;10;13;755;2;2;5;1.0;3.0;103;248, RUE SAINT MARTIN;;;;750
201000060505;10;11;13;1255;1;2;5;3.0;3.0;103;31, RUE REAUMUR;;;;750
201000060509;10;12;1;812;2;2;1;8.0;7.0;103;106, RUE VIEILLE DU TEMP;;;;750
201000060513;10;12;18;1715;5;2;2;4.0;3.0;103;79, RUE DE TURBIGO;;;;750
201000060515;10;12;20;930;1;2;2;4.0;7.0;103;14, RUE DU PONT AUX CHOU;;;;750
201000060527;10;1;28;1630;1;2;1;1.0;3.0;101;4, BOULEVARD DU PALAIS;;;;750
201000060545;10;2;26;1610;1;2;2;1.0;3.0;104;12, QUAI DE GESVRES;;;;750
201000060580;10;5;29;2200;5;2;1;1.0;7.0;104;34, BOULEVARD DE SEBASTO;;;;750
201000060584;10;6;7;1630;1;2;2;1.0;6.0;104;QUAI DE L HOTEL DE VILLE;;;;750
201000060585;10;6;7;1940;1;2;1;1.0;3.0;104;18, RUE DE L HOTEL DE VI;;;;750
201000060592;10;6;26;1130;1;2;1;1.0;3.0;104;37, RUE SAINTE CROIX DE;;;;750
201000060595;10;6;28;1750;1;2;2;1.0;2.0;104;QUAI DE GESVRES;;;;750
201000060602;10;7;14;405;5;2;3;1.0;6.0;104;52, RUE DE RIVOLI;;;;750
201000060603;10;7;15;1000;1;2;3;1.0;7.0;104;48, QUAI DE L HOTEL DE V;;;;750
201000060605;10;7;16;1615;1;2;2;1.0;3.0;104;26, RUE DU TEMPLE;;;;750
201000060624;10;8;27;1525;1;2;1;8.0;3.0;104;16 bis, BOULEVARD DE SEB;;;;750
201000060625;10;8;27;2200;5;2;5;8.0;3.0;104;5, PLACE DE LA BASTILLE;;;;750
201000060629;10;9;16;843;1;2;5;1.0;6.0;104;1, RUE DU RENARD;;;;750
201000060651;10;10;21;1515;1;2;1;1.0;6.0;104;6, RUE DU PETIT MUSC;;;;750
201000060663;10;11;18;910;1;2;2;1.0;3.0;104;QUAI DE L HOTEL DE VILLE;;;;750
201000060671;10;12;17;1740;5;2;1;4.0;7.0;104;QUAI DE L HOTEL DE VILLE;;;;750
201000060672;10;12;19;515;5;2;5;9.0;3.0;104;BOULEVARD DE SEBASTOPOL;;;;750
201000060674;10;12;30;1420;1;2;5;1.0;3.0;104;RUE DE RIVOLI;;;;750
201000060701;10;3;5;1350;1;2;2;1.0;2.0;105;36, RUE SAINT JACQUES;;;;750
201000060711;10;3;22;1845;2;2;3;1.0;6.0;105;51, RUE DES ECOLES;;;;750
201000060712;10;3;24;825;1;2;2;1.0;3.0;105;100, BOULEVARD SAINT GER;;;;750
201000060717;10;4;9;955;1;2;3;1.0;6.0;105;0, QUAI SAINT BERNARD;;;;750
201000060752;10;6;25;1535;1;2;1;1.0;6.0;105;25, RUE CUVIER;;;;750
201000060755;10;6;29;1555;1;2;5;1.0;6.0;105;102, RUE MONGE;;;;750
201000060760;10;7;3;1825;1;2;1;8.0;1.0;105;7, QUAI SAINT BERNARD;;;;750
201000060773;10;8;10;1835;1;2;2;1.0;6.0;105;21, QUAI DE MONTEBELLO;;;;750
201000060787;10;9;11;1255;1;2;3;1.0;3.0;105;25, RUE BERTHOLLET;;;;750
201000060788;10;9;11;1633;1;2;5;1.0;2.0;105;1, RUE SOUFFLOT;;;;750
201000060793;10;9;17;1340;1;2;3;1.0;6.0;105;61, QUAI DE LA TOURNELLE;;;;750
201000060794;10;9;17;2130;5;2;1;1.0;3.0;113;28, BOULEVARD DE L HOPIT;;;;750
201000060796;10;9;21;1954;5;2;5;1.0;3.0;105;7, QUAI SAINT BERNARD;;;;750
201000060797;10;9;23;1915;1;2;1;1.0;3.0;105;RUE GAY LUSSAC;;;;750
201000060807;10;10;12;950;1;2;1;1.0;3.0;105;V-1083, AVENUE DE L OBSE;;;;750
201000060809;10;10;13;2000;3;2;1;1.0;3.0;105;39, BOULEVARD SAINT GERM;;;;750
201000060813;10;10;20;1905;5;2;1;1.0;1.0;105;12, RUE DE L ABBE DE L E;;;;750
201000060825;10;11;8;912;1;2;5;8.0;3.0;105;1, RUE D ULM;;;;750
201000060835;10;11;20;1555;1;2;1;1.0;6.0;105;31, BOULEVARD SAINT MICH;;;;750
201000060836;10;11;24;1425;1;2;1;1.0;3.0;105;43, BOULEVARD SAINT MICH;;;;750
201000060839;10;11;30;1045;1;2;5;1.0;2.0;105;17, RUE MONGE;;;;750
201000060862;10;1;26;2000;5;2;1;1.0;3.0;106;79, RUE DE RENNES;;;;750
201000060864;10;1;29;825;1;2;3;2.0;3.0;106;43, RUE DE SEVRES;;;;750
201000060869;10;2;4;1820;5;2;2;1.0;6.0;106;RUE DE BUCI;;;;750
201000060874;10;2;21;1620;1;2;1;1.0;3.0;106;11, QUAI DE CONTI;;;;750
201000060886;10;3;22;1005;1;2;1;1.0;7.0;106;56, RUE DE VAUGIRARD;;;;750
201000060917;10;5;20;650;2;2;2;1.0;3.0;106;107, BOULEVARD SAINT GER;;;;750
201000060922;10;5;29;1645;1;2;1;1.0;3.0;106;2, RUE DANTON;;;;750
201000060926;10;6;3;1445;1;2;4;1.0;2.0;106;174, BOULEVARD DU MONTPA;;;;750
201000060930;10;6;8;1950;2;2;5;1.0;3.0;106;1, RUE DE MEDICIS;;;;750
201000060939;10;6;23;1625;1;2;1;1.0;6.0;106;22, BOULEVARD SAINT MICH;;;;750
201000060940;10;6;25;1830;1;2;1;1.0;1.0;106;93, RUE DE SEVRES;;;;750
201000060944;10;6;30;1315;1;2;1;1.0;2.0;106;91, RUE DE RENNES;;;;750
201000060946;10;6;30;1835;1;2;1;1.0;3.0;106;71 bis, RUE DE VAUGIRARD;;;;750
201000060948;10;7;5;2045;1;2;4;1.0;3.0;106;73, RUE DE RENNES;;;;750
201000060950;10;7;12;1515;1;2;2;1.0;7.0;106;8, BOULEVARD SAINT MICHE;;;;750
201000060960;10;8;3;1255;1;2;2;1.0;6.0;106;99/101, BOULEVARD SAINT;;;;750
201000060974;10;9;17;1520;1;2;1;1.0;6.0;106;70, RUE D ASSAS;;;;750
201000060976;10;9;21;725;1;2;1;1.0;3.0;106;59, RUE DE RENNES;;;;750
201000060977;10;12;8;1150;1;2;2;4.0;3.0;106;4, PLACE EDMOND ROSTAND;;;;750
201000060990;10;10;11;845;1;2;1;1.0;6.0;106;89, RUE DU CHERCHE MIDI;;;;750
201000061000;10;10;26;950;1;2;5;1.0;7.0;106;7, PLACE PAUL CLAUDEL;;;;750
201000061003;10;11;3;905;1;2;1;1.0;3.0;106;8, RUE DU VIEUX COLOMBIE;;;;750
201000061022;10;11;27;2110;5;2;5;1.0;6.0;106;25, BOULEVARD DU MONTPAR;;;;750
201000061024;10;11;30;1115;1;2;5;1.0;3.0;106;56, RUE D ASSAS;;;;750
201000061029;10;12;4;2010;5;2;5;9.0;6.0;106;171, BOULEVARD DU MONTPA;;;;750
201000061052;10;1;20;1440;1;2;2;3.0;7.0;107;23, RUE DE VARENNE;;;;750
201000061060;10;2;22;740;1;2;3;1.0;6.0;107;3, RUE DUROC;;;;750
201000061063;10;2;23;935;1;2;2;3.0;3.0;107;15, AVENUE DE BRETEUIL;;;;750
201000061087;10;4;9;845;1;2;5;1.0;3.0;107;QUAI D ORSAY;;;;750
201000061088;10;4;9;1440;1;2;1;1.0;3.0;107;07, RUE DE LA CHAISE;;;;750
201000061090;10;4;11;1440;1;2;1;1.0;6.0;107;34, RUE DE BABYLONE;;;;750
201000061102;10;4;29;1858;1;2;5;1.0;7.0;107;01, PLACE VAUBAN;;;;750
201000061103;10;5;1;535;5;2;1;8.0;7.0;107;03, QUAI ANATOLE FRANCE;;;;750
201000061106;10;5;8;110;5;2;2;1.0;3.0;107;AVENUE DE VILLARS;;;;750
201000061114;10;5;18;1550;1;2;1;1.0;3.0;107;AVENUE RAPP;;;;750
201000061122;10;6;4;1515;1;2;5;1.0;3.0;107;15, BOULEVARD RASPAIL;;;;750
201000061126;10;6;9;1320;1;2;1;3.0;3.0;107;40, AVENUE DE LA MOTTE P;;;;750
201000061134;10;6;22;1230;2;2;1;1.0;6.0;107;8 bis, RUE SAINT DOMINIQ;;;;750
201000061147;10;7;5;1315;1;2;1;1.0;1.0;107;80, RUE DE L UNIVERSITE;;;;750
201000061149;10;7;8;928;1;2;3;1.0;6.0;107;116, RUE SAINT DOMINIQUE;;;;750
201000061158;10;7;29;1545;1;2;1;1.0;6.0;107;2, RUE DE BABYLONE;;;;750
201000061179;10;8;28;1425;1;2;1;1.0;3.0;107;AVENUE GUSTAVE EIFFEL;;;;750
201000061181;10;9;3;1710;1;2;3;1.0;3.0;107;QUAI ANATOLE FRANCE;;;;750
201000061190;10;9;15;1820;1;2;2;1.0;3.0;107;7, RUE MALAR;;;;750
201000061193;10;9;23;1820;1;2;2;1.0;3.0;107;S7819 FEU, QUAI ANATOLE;;;;750
201000061195;10;9;27;820;1;2;5;1.0;3.0;107;69, AVENUE DE BRETEUIL;;;;750
201000061203;10;10;7;715;2;2;1;1.0;3.0;107;19, BOULEVARD RASPAIL;;;;750
201000061205;10;10;8;1400;1;2;1;1.0;3.0;107;67, QUAI BRANLY;;;;750
201000061209;10;10;12;1615;1;2;2;1.0;2.0;107;65, RUE DE BABYLONE;;;;750
201000061227;10;11;9;904;1;2;3;2.0;3.0;107;31, RUE DE CONSTANTINE;;;;750
201000061230;10;11;17;1300;1;2;2;1.0;3.0;107;50, BOULEVARD DE LA TOUR;;;;750
201000061364;10;4;13;1800;1;2;1;1.0;4.0;108;225, RUE DU FAUBOURG SAI;;;;750
201000061367;10;4;15;1046;1;2;1;1.0;6.0;108;15, RUE D AMSTERDAM;;;;750
201000061371;10;4;16;700;1;2;1;1.0;7.0;108;31, RUE DE COURCELLES;;;;750
201000061374;10;4;17;2040;5;2;5;1.0;6.0;108;PLACE DU CANADA;;;;750
201000061378;10;4;21;1530;1;2;2;1.0;3.0;108;0, RUE DE PENTHIEVRE;;;;750
201000061424;10;5;25;1015;1;2;2;1.0;3.0;108;85, BOULEVARD MALESHERBE;;;;750
201000061462;10;6;15;1815;1;2;1;1.0;3.0;108;201, RUE SAINT HONORE;;;;750
201000061471;10;6;24;830;1;2;5;1.0;1.0;108;COURS LA REINE;;;;750
201000061473;10;6;24;1445;1;2;2;1.0;3.0;108;92, AVENUE DES CHAMPS EL;;;;750
201000061478;10;6;28;545;2;2;2;1.0;1.0;108;49, AVENUE DES CHAMPS EL;;;;750
201000061486;10;7;5;950;1;2;1;1.0;3.0;108;2 bis, AVENUE FRANKLIN D;;;;750
201000061491;10;7;7;1515;1;2;2;1.0;3.0;108;, RUE PASQUIER;;;;750
201000061500;10;7;9;2030;1;2;1;1.0;3.0;108;33, RUE DU FAUBOURG SAIN;;;;750
201000061517;10;7;19;1845;1;2;2;1.0;3.0;108;14, RUE LA BOETIE;;;;750
201000061520;10;7;22;824;1;2;1;1.0;7.0;108;241, RUE DU FAUBOURG SAI;;;;750
201000061523;10;7;23;900;1;2;1;1.0;6.0;108;39, RUE PASQUIER;;;;750
201000061540;10;8;25;1745;1;2;1;1.0;7.0;108;8, AVENUE DE WAGRAM;;;;750
201000061565;10;9;20;745;1;2;5;1.0;3.0;108;ROND POINT CHAMPS ELYSEE;;;;750
201000061586;10;10;5;910;1;2;1;2.0;3.0;108;160, BOULEVARD HAUSSMANN;;;;750
201000061593;10;10;10;1655;1;2;5;1.0;3.0;108;PLACE DE LA CONCORDE;;;;750
201000061597;10;10;12;1810;1;2;1;1.0;3.0;108;63, BOULEVARD DES BATIGN;;;;750
201000061605;10;10;18;1630;1;2;3;1.0;2.0;108;179, BOULEVARD HAUSSMANN;;;;750
201000061608;10;10;20;900;1;2;5;1.0;3.0;108;PONT ALEXANDRE III;;;;750
201000061612;10;10;22;910;1;2;2;8.0;6.0;108;98, BOULEVARD HAUSSMANN;;;;750
201000061665;10;11;17;2258;5;2;5;3.0;3.0;108;PLACE DE LA CONCORDE;;;;750
201000061708;10;1;11;820;1;2;5;1.0;3.0;109;23, BOULEVARD HAUSSMANN;;;;750
201000061736;10;3;2;1745;1;2;1;1.0;3.0;109;37, RUE SAINT GEORGES;;;;750
201000061741;10;3;12;1425;1;2;5;8.0;6.0;109;BOULEVARD HAUSSMANN;;;;750
201000061743;10;3;16;850;1;2;2;1.0;6.0;109;2 bis, RUE BLANCHE;;;;750
201000061745;10;3;24;1350;1;2;3;1.0;3.0;109;33, RUE SAINT GEORGES;;;;750
201000061752;10;4;8;1649;1;2;5;1.0;3.0;109;12, BOULEVARD DES CAPUCI;;;;750
201000061759;10;4;16;850;1;2;1;1.0;6.0;109;37, BOULEVARD DE CLICHY;;;;750
201000061761;10;4;23;1655;1;2;1;1.0;3.0;109;26, RUE DE DOUAI;;;;750
201000061764;10;4;29;1835;1;2;1;1.0;3.0;109;4, RUE LAMARTINE;;;;750
201000061790;10;6;9;1018;1;2;3;2.0;3.0;109;RUE LE PELETIER;;;;750
201000061805;10;6;26;400;5;2;2;1.0;3.0;109;44, RUE CONDORCET;;;;750
201000061812;10;7;3;545;1;2;5;1.0;3.0;109;01, RUE VICTOR MASSE;;;;750
201000061827;10;7;23;1420;1;2;2;1.0;6.0;109;35 bis, RUE DE PROVENCE;;;;750
201000061834;10;8;5;1015;1;2;1;1.0;3.0;109;RUE DE LIEGE;;;;750
201000061851;10;9;3;2110;5;2;1;1.0;7.0;109;32, RUE LE PELETIER;;;;750
201000061861;10;9;22;1025;1;2;2;1.0;3.0;109;RUE DE TREVISE;;;;750
201000061866;10;9;29;940;1;2;2;8.0;2.0;109;54, BOULEVARD HAUSSMANN;;;;750
201000061880;10;10;18;2010;5;2;2;1.0;2.0;109;RUE LA FAYETTE;;;;750
201000061881;10;10;18;2015;5;2;2;1.0;3.0;109;50, BOULEVARD HAUSSMANN;;;;750
201000061882;10;10;19;1820;1;2;5;2.0;3.0;109;157, BOULEVARD DE MAGENT;;;;750
201000061887;10;10;21;1825;2;2;5;1.0;6.0;109;88, RUE DE CLICHY;;;;750
201000061894;10;10;31;330;5;2;5;1.0;3.0;109;1, RUE DE LONDRES;;;;750